Entity_ID,Domain_Class,Taxonomy_Path,Display_Name,LOD_Near_m,LOD_Mid_m,LOD_Far_m,Scale_Class,Interaction_Type,Mass_kg,BBox_X_m,BBox_Y_m,BBox_Z_m,Material_Shader,Network_Socket_Count,Destruction_Pattern,Blast_Radius_m
a1b2c3d4-0001-4000-8000-000000000001,Planetary_Environmental,Planetary_Environmental/Geosphere/Lithosphere/Tectonic_Plate,Tectonic Plate,100000,500000,2000000,Planetary,Dynamic,4e+22,5000000,3000000,100000,materials/geology/continental_crust_granite,1,tectonic_rift,
a1b2c3d4-0002-4000-8000-000000000002,Planetary_Environmental,Planetary_Environmental/Geosphere/Lithosphere/Volcanic_Cone,Volcanic Cone,500,5000,50000,Regional,Dynamic,10000000000000.0,4000,4000,3500,materials/geology/basalt_volcanic,2,radial_collapse,
a1b2c3d4-0003-4000-8000-000000000003,Planetary_Environmental,Planetary_Environmental/Geosphere/Lithosphere/Alluvial_Fan,Alluvial Fan,200,2000,20000,Regional,Static,500000000000.0,2000,3000,50,materials/geology/alluvial_sediment_mixed,2,fluvial_erosion,
a1b2c3d4-0004-4000-8000-000000000004,Planetary_Environmental,Planetary_Environmental/Geosphere/Lithosphere/Canyon,Canyon / Gorge,100,2000,30000,Regional,Static,2000000000000.0,5000,500,1500,materials/geology/sandstone_layered,2,block_failure,
a1b2c3d4-0005-4000-8000-000000000005,Planetary_Environmental,Planetary_Environmental/Geosphere/Lithosphere/Crustal_Rift,Crustal Rift Zone,1000,20000,200000,Planetary,Dynamic,8000000000000000.0,100000,5000,30000,materials/geology/rift_basalt_fractured,2,linear_fracture,
a1b2c3d4-0006-4000-8000-000000000006,Planetary_Environmental,Planetary_Environmental/Geosphere/Lithosphere/Soil_Stratigraphy_Layer,Soil Stratigraphy Layer,1,10,100,Component,Static,2000,10,10,2,materials/geology/soil_horizon_profile,2,sheet_erosion,
a1b2c3d4-0007-4000-8000-000000000007,Planetary_Environmental,Planetary_Environmental/Hydrosphere/Deep_Sea_Trench,Deep Sea Trench,5000,50000,500000,Planetary,Dynamic,1e+18,200000,10000,11000,materials/ocean/abyssal_sediment_dark,2,fault_displacement,
a1b2c3d4-0008-4000-8000-000000000008,Planetary_Environmental,Planetary_Environmental/Hydrosphere/Abyssal_Plain,Abyssal Plain,2000,30000,300000,Planetary,Static,5e+17,500000,500000,50,materials/ocean/pelagic_clay_flat,2,sediment_flow,
a1b2c3d4-0009-4000-8000-000000000009,Planetary_Environmental,Planetary_Environmental/Hydrosphere/River_Braid_System,Braided River System,50,500,5000,Regional,Fluid,1000000000.0,5000,2000,5,materials/water/turbid_glacial_flow,3,channel_migration,
a1b2c3d4-0010-4000-8000-000000000010,Planetary_Environmental,Planetary_Environmental/Hydrosphere/Oxbow_Lake,Oxbow Lake,20,200,2000,District,Fluid,50000000.0,300,80,4,materials/water/still_eutrophic,2,infill,
a1b2c3d4-0011-4000-8000-000000000011,Planetary_Environmental,Planetary_Environmental/Hydrosphere/Coastal_Estuary,Coastal Estuary,100,1000,10000,Regional,Fluid,20000000000.0,5000,1000,15,materials/water/brackish_tidal,3,tidal_scour,
a1b2c3d4-0012-4000-8000-000000000012,Planetary_Environmental,Planetary_Environmental/Atmosphere/Tropospheric_Cell,Tropospheric Convection Cell,5000,50000,500000,Regional,Fluid,1000000000000.0,50000,50000,12000,materials/atmosphere/volumetric_cloud_convective,2,thermal_decay,
a1b2c3d4-0013-4000-8000-000000000013,Planetary_Environmental,Planetary_Environmental/Atmosphere/Microclimate_Zone,Microclimate Zone,10,100,1000,District,Fluid,5000000.0,500,500,100,materials/atmosphere/particulate_haze_local,2,thermal_mixing,
a1b2c3d4-0014-4000-8000-000000000014,Planetary_Environmental,Planetary_Environmental/Atmosphere/Smoke_Plume,Particulate Smoke Plume,50,500,5000,District,Fluid,50000,2000,500,3000,materials/atmosphere/volumetric_smoke_particulate,2,diffusion,
a1b2c3d4-0015-4000-8000-000000000015,Planetary_Environmental,Planetary_Environmental/Atmosphere/Dynamic_Weather_Grid,Dynamic Weather Grid Cell,1000,10000,100000,Regional,Fluid,10000000000.0,10000,10000,15000,materials/atmosphere/weather_system_composite,2,cell_dissipation,
b1b2c3d4-0001-4000-8000-000000000001,Civil_Infrastructure_Heavy_Industry,Civil_Infrastructure/Power_Generation/Nuclear/Reactor_Containment_Vessel,Nuclear Reactor Containment Vessel,50,500,5000,Building,Static,50000000.0,45,45,60,materials/industrial/reinforced_concrete_prestressed,3,radial_burst,500
b1b2c3d4-0002-4000-8000-000000000002,Civil_Infrastructure_Heavy_Industry,Civil_Infrastructure/Power_Generation/Nuclear/Control_Rod_Assembly,Nuclear Control Rod Assembly,1,10,100,Component,Dynamic,120,0.3,0.3,4.0,materials/industrial/boron_carbide_hafnium,2,axial_failure,
b1b2c3d4-0003-4000-8000-000000000003,Civil_Infrastructure_Heavy_Industry,Civil_Infrastructure/Power_Generation/Nuclear/Fuel_Bundle,Nuclear Fuel Bundle,0.5,5,50,SubComponent,Dynamic,280,0.2,0.2,4.0,materials/industrial/uranium_oxide_zircaloy_clad,3,pellet_scatter,
b1b2c3d4-0004-4000-8000-000000000004,Civil_Infrastructure_Heavy_Industry,Civil_Infrastructure/Power_Generation/Generator_Hall/Steam_Turbine,Steam Turbine (Power Generation),10,100,1000,Room,Dynamic,300000,15,5,5,materials/industrial/high_alloy_steel_machined,3,centrifugal_burst,30
b1b2c3d4-0005-4000-8000-000000000005,Civil_Infrastructure_Heavy_Industry,Civil_Infrastructure/Power_Generation/Generator_Hall/Stator_Winding,Generator Stator Winding,2,20,200,Component,Static,45000,6,6,3,materials/industrial/copper_winding_insulated,2,thermal_melt,
b1b2c3d4-0006-4000-8000-000000000006,Civil_Infrastructure_Heavy_Industry,Civil_Infrastructure/Power_Generation/Distribution_Grid/Step_Up_Transformer,Step-Up Power Transformer,10,100,1000,Room,Static,150000,8,4,6,materials/industrial/transformer_steel_oil_filled,3,oil_fire_burst,15
b1b2c3d4-0007-4000-8000-000000000007,Civil_Infrastructure_Heavy_Industry,Civil_Infrastructure/Power_Generation/Distribution_Grid/Busbar_Assembly,High-Voltage Busbar Assembly,2,20,200,Component,Static,800,6,0.5,1.0,materials/industrial/copper_aluminum_busbar,3,arc_explosion,5
b1b2c3d4-0008-4000-8000-000000000008,Civil_Infrastructure_Heavy_Industry,Civil_Infrastructure/Petrochemical/Fractional_Distillation_Column,Fractional Distillation Column,20,200,2000,Building,Static,500000,8,8,60,materials/industrial/carbon_steel_insulated,4,BLEVE,200
b1b2c3d4-0009-4000-8000-000000000009,Civil_Infrastructure_Heavy_Industry,Civil_Infrastructure/Petrochemical/Offshore_Drilling_Rig,Offshore Drilling Platform,100,1000,10000,Building,Static,40000000.0,80,80,120,materials/industrial/marine_grade_steel_coated,4,structural_buckling,
b1b2c3d4-0010-4000-8000-000000000010,Civil_Infrastructure_Heavy_Industry,Civil_Infrastructure/Mining/Dragline_Excavator,Dragline Excavator,30,300,3000,Building,Dynamic,8000000,50,25,60,materials/industrial/heavy_plate_steel_weathered,3,structural_buckling,
b1b2c3d4-0011-4000-8000-000000000011,Civil_Infrastructure_Heavy_Industry,Civil_Infrastructure/Petrochemical/Floating_Roof_Oil_Tank,Floating Roof Oil Storage Tank,20,200,2000,Building,Static,2000000,40,40,20,materials/industrial/carbon_steel_painted_white,3,boilover,
b1b2c3d4-0012-4000-8000-000000000012,Civil_Infrastructure_Heavy_Industry,Civil_Infrastructure/Water/Flocculation_Basin,Flocculation Basin,10,100,1000,Room,Fluid,500000,20,10,5,materials/industrial/reinforced_concrete_waterproof,3,hydrostatic_burst,
b1b2c3d4-0013-4000-8000-000000000013,Civil_Infrastructure_Heavy_Industry,Civil_Infrastructure/Water/Trunk_Sewer,Trunk Sewer Main,5,50,500,District,Fluid,50000,100,3,3,materials/industrial/concrete_pipe_corroded,3,pipe_segment_failure,
b1b2c3d4-0014-4000-8000-000000000014,Civil_Infrastructure_Heavy_Industry,Civil_Infrastructure/Logistics/Railway_Switching_Frog,Railway Switching Frog,1,10,100,Component,Dynamic,2500,6,3,0.3,materials/industrial/manganese_steel_hardened,3,rail_break,
b1b2c3d4-0015-4000-8000-000000000015,Civil_Infrastructure_Heavy_Industry,Civil_Infrastructure/Logistics/Catenary_Gantry_Network,Catenary Overhead Wiring Gantry,5,50,500,Component,Static,5000,12,8,8,materials/industrial/galvanized_steel_catenary,3,cable_whip,
c1b2c3d4-0001-4000-8000-000000000001,Commercial_Institutional_Residential,Buildings/Structural_Core/Cast_In_Place_Pile,Cast-in-Place Concrete Pile,2,20,200,Component,Static,25000,0.8,0.8,20,materials/construction/reinforced_concrete_cast,2,axial_crush,
c1b2c3d4-0002-4000-8000-000000000002,Commercial_Institutional_Residential,Buildings/Structural_Core/Steel_Column_W_Section,Structural Steel W-Section Column,2,20,200,Component,Static,3500,0.4,0.4,4.0,materials/construction/structural_steel_A992,3,euler_buckling,
c1b2c3d4-0003-4000-8000-000000000003,Commercial_Institutional_Residential,Buildings/Structural_Core/Curtain_Wall_Mullion,Curtain Wall Mullion Assembly,1,10,100,Component,Destructible,45,0.1,0.08,3.5,materials/construction/extruded_aluminum_anodized,3,panel_ejection,
c1b2c3d4-0004-4000-8000-000000000004,Commercial_Institutional_Residential,Buildings/Structural_Core/Traction_Elevator_System,Traction Elevator System,3,30,300,Room,Dynamic,8000,2.5,2.0,50,materials/construction/elevator_car_stainless,3,car_impact,
c1b2c3d4-0005-4000-8000-000000000005,Commercial_Institutional_Residential,Buildings/MEP_Systems/HVAC/Chiller_Plant,Centrifugal Chiller Plant,5,50,500,Room,Dynamic,25000,5,2,2.5,materials/mechanical/chiller_painted_steel,4,pressure_burst,
c1b2c3d4-0006-4000-8000-000000000006,Commercial_Institutional_Residential,Buildings/MEP_Systems/HVAC/VAV_Box,Variable Air Volume (VAV) Box,0.5,5,50,SubComponent,Dynamic,35,0.6,0.4,0.4,materials/mechanical/galvanized_sheet_metal,4,sheet_deformation,
c1b2c3d4-0007-4000-8000-000000000007,Commercial_Institutional_Residential,Buildings/MEP_Systems/Electrical/Main_Switchboard,Main Distribution Switchboard (MDSB),2,20,200,Component,Static,2000,3,0.8,2.2,materials/electrical/powder_coated_steel_enclosure,4,arc_explosion,3
c1b2c3d4-0008-4000-8000-000000000008,Commercial_Institutional_Residential,Buildings/MEP_Systems/Electrical/Distribution_Panelboard,Distribution Panelboard,1,10,100,Component,Static,120,0.8,0.3,1.5,materials/electrical/painted_steel_panel_NEMA1,3,door_blast,
c1b2c3d4-0009-4000-8000-000000000009,Commercial_Institutional_Residential,Buildings/MEP_Systems/Fire_Protection/Deluge_Valve,Deluge Valve Assembly,0.5,5,50,SubComponent,Dynamic,80,0.4,0.3,0.5,materials/mechanical/cast_iron_red_painted,3,valve_body_crack,
c1b2c3d4-0010-4000-8000-000000000010,Commercial_Institutional_Residential,Buildings/Specialized/Healthcare/MRI_Shielded_Room,MRI Shielded Room (RF Cage),5,50,500,Room,Static,35000,6,5,3.5,materials/construction/copper_faraday_cage_composite,4,panel_displacement,
c1b2c3d4-0011-4000-8000-000000000011,Commercial_Institutional_Residential,Buildings/Specialized/Healthcare/Operating_Theater_Boom,Operating Theater Equipment Boom,1,10,100,Component,Dynamic,200,2.5,1.0,2.0,materials/medical/stainless_steel_antimicrobial,4,arm_drop,
c1b2c3d4-0012-4000-8000-000000000012,Commercial_Institutional_Residential,Buildings/Specialized/Data_Center/Hot_Cold_Aisle_Containment,Data Center Hot/Cold Aisle Containment,3,30,300,Room,Static,15000,12,3,3,materials/construction/perforated_steel_panel_raised_floor,4,rack_topple,
c1b2c3d4-0013-4000-8000-000000000013,Commercial_Institutional_Residential,Buildings/Specialized/Cleanroom/HEPA_Filter_Array,Cleanroom HEPA Filter Array (FFU),1,10,100,Component,Static,25,0.6,0.6,0.3,materials/mechanical/anodized_aluminum_hepa_frame,3,media_blowthrough,
d1b2c3d4-0001-4000-8000-000000000001,Transportation_Logistics,Transportation/Aerospace/Turbofan_Engine,High-Bypass Turbofan Engine,10,100,1000,Component,Dynamic,6500,3.5,3.5,5.0,materials/aerospace/nickel_superalloy_turbine,4,radial_disc_burst,10
d1b2c3d4-0002-4000-8000-000000000002,Transportation_Logistics,Transportation/Aerospace/Avionics_Bay,Aircraft Avionics Bay,2,20,200,Room,Static,800,4,2,1.5,materials/aerospace/aluminum_lithium_alloy_rack,4,internal_short,
d1b2c3d4-0003-4000-8000-000000000003,Transportation_Logistics,Transportation/Aerospace/Satellite_Reaction_Wheel,Satellite Reaction Wheel Assembly,0.2,2,20,SubComponent,Dynamic,12,0.3,0.3,0.2,materials/aerospace/titanium_flywheel_assembly,3,wheel_imbalance_vibration,
d1b2c3d4-0004-4000-8000-000000000004,Transportation_Logistics,Transportation/Maritime/Marine_Diesel_Block,Marine Diesel Engine Block (2-Stroke),10,100,1000,Room,Dynamic,2300000,25,12,14,materials/marine/cast_iron_engine_block_heavy,5,crankcase_burst,8
d1b2c3d4-0005-4000-8000-000000000005,Transportation_Logistics,Transportation/Maritime/Bow_Thruster,Tunnel Bow Thruster,3,30,300,Component,Dynamic,15000,3,3,4,materials/marine/bronze_propeller_coated_steel,3,seal_failure_flood,
d1b2c3d4-0006-4000-8000-000000000006,Transportation_Logistics,Transportation/Land/EV_Battery_Pack,Electric Vehicle Battery Pack,1,10,100,Component,Dynamic,500,2.0,1.5,0.15,materials/automotive/aluminum_enclosure_sealed,4,cell_vent_cascade,3
d1b2c3d4-0007-4000-8000-000000000007,Transportation_Logistics,Transportation/Land/Drivetrain_Differential,Automotive Differential Assembly,0.5,5,50,SubComponent,Dynamic,45,0.4,0.35,0.35,materials/automotive/forged_steel_gear_case,4,gear_tooth_scatter,
d1b2c3d4-0008-4000-8000-000000000008,Transportation_Logistics,Transportation/Rail/Locomotive_Bogie_Assembly,Locomotive Bogie Assembly,3,30,300,Component,Dynamic,12000,4,3,1.2,materials/rail/cast_steel_bogie_frame,4,axle_fracture,
d1b2c3d4-0009-4000-8000-000000000009,Transportation_Logistics,Transportation/Rail/Pneumatic_Hopper_Car,Pneumatic Discharge Hopper Car,5,50,500,Room,Dynamic,30000,15,3,4.5,materials/rail/carbon_steel_hopper_body,4,shell_rupture,
e1b2c3d4-0001-4000-8000-000000000001,Biosphere_Living_Organisms,Biosphere/Botanical/Canopy_Crown,Tree Canopy Crown,5,50,500,Component,Organic,2000,10,10,8,materials/organic/leaf_canopy_subsurface_scatter,3,branch_shed,
e1b2c3d4-0002-4000-8000-000000000002,Biosphere_Living_Organisms,Biosphere/Botanical/Mycorrhizal_Network,Mycorrhizal Fungal Network,0.01,1,10,SubComponent,Organic,0.5,20,20,0.5,materials/organic/fungal_hypha_translucent,3,network_fragmentation,
e1b2c3d4-0003-4000-8000-000000000003,Biosphere_Living_Organisms,Biosphere/Zoological/Skeletal_Muscular_Envelope,Skeletal-Muscular Animation Envelope,1,10,100,Component,Animated,30,0.4,0.15,0.1,materials/organic/muscle_fiber_subsurface,4,fiber_tear,
e1b2c3d4-0004-4000-8000-000000000004,Biosphere_Living_Organisms,Biosphere/Zoological/Cellular_Organelle_Mitochondria,Mitochondrion (Cellular Organelle),1e-06,1e-05,0.0001,SubComponent,Organic,1e-15,2e-06,1e-06,1e-06,materials/organic/lipid_bilayer_cristae,4,membrane_rupture,
e1b2c3d4-0005-4000-8000-000000000005,Biosphere_Living_Organisms,Biosphere/Botanical/Root_System_Taproot,Taproot System,0.5,5,50,Component,Organic,500,5,5,8,materials/organic/root_bark_cortex,4,decay_hollowing,
e1b2c3d4-0006-4000-8000-000000000006,Biosphere_Living_Organisms,Biosphere/Zoological/Coral_Colony,Coral Colony (Scleractinian),1,10,100,Component,Organic,50,2,2,1,materials/organic/calcium_carbonate_fluorescent,4,branch_breakage,
e1b2c3d4-0007-4000-8000-000000000007,Biosphere_Living_Organisms,Biosphere/Zoological/Insect_Colony_Termite_Mound,Termite Mound Structure,2,20,200,Building,Organic,10000,3,3,6,materials/organic/cemented_soil_termite,4,wall_crumble,
a1b2c3d4-3883-51c8-a09b-ead51dd6993d,Planetary_Environmental,Planetary_Environmental/Geosphere/Lithosphere/Mountain_Range,Mountain Range,500,5000,50000,Regional,Static,100000000000.0,4000,4000,2000,materials/geology/rock_terrain_composite,1,erosion_decay,
a1b2c3d4-6db0-573e-9e75-3c413b8a9701,Planetary_Environmental,Planetary_Environmental/Geosphere/Lithosphere/Karst_Sinkhole,Karst Sinkhole,30,300,3000,District,Static,5000000.0,400,400,100,materials/geology/rock_terrain_composite,1,erosion_decay,
a1b2c3d4-9c67-5f5a-9d7a-dc3e9ae8fce5,Planetary_Environmental,Planetary_Environmental/Geosphere/Lithosphere/Moraine,Moraine,30,300,3000,District,Static,5000000.0,400,400,100,materials/geology/rock_terrain_composite,1,erosion_decay,
a1b2c3d4-4879-5b08-8272-c0450d4c0932,Planetary_Environmental,Planetary_Environmental/Geosphere/Lithosphere/Fault_Scarp,Fault Scarp,30,300,3000,District,Static,5000000.0,400,400,100,materials/geology/rock_terrain_composite,1,erosion_decay,
a1b2c3d4-a49a-5bb4-9ef6-868d31967378,Planetary_Environmental,Planetary_Environmental/Geosphere/Pedosphere/Topsoil_Horizon,Topsoil Horizon,2,20,200,Component,Static,1500.0,2,1.5,2,materials/geology/rock_terrain_composite,1,erosion_decay,
a1b2c3d4-a901-5691-a433-8b62c2311d7d,Planetary_Environmental,Planetary_Environmental/Geosphere/Pedosphere/Subsoil_B_Horizon,Subsoil B Horizon,2,20,200,Component,Static,1500.0,2,1.5,2,materials/geology/rock_terrain_composite,1,erosion_decay,
a1b2c3d4-2f9e-5603-87f7-ddca84c31831,Planetary_Environmental,Planetary_Environmental/Geosphere/Pedosphere/Parent_Material_C_Horizon,Parent Material C Horizon,2,20,200,Component,Static,1500.0,2,1.5,2,materials/geology/rock_terrain_composite,1,erosion_decay,
a1b2c3d4-1a03-52aa-9268-72aec07ac46b,Planetary_Environmental,Planetary_Environmental/Geosphere/Pedosphere/Bedrock_R_Horizon,Bedrock R Horizon,2,20,200,Component,Static,1500.0,2,1.5,2,materials/geology/rock_terrain_composite,1,erosion_decay,
a1b2c3d4-9d23-50ed-9639-b77c6f5f5e58,Planetary_Environmental,Planetary_Environmental/Geosphere/Pedosphere/Laterite_Crust,Laterite Crust,2,20,200,Component,Static,1500.0,2,1.5,2,materials/geology/rock_terrain_composite,1,erosion_decay,
a1b2c3d4-9069-5ad3-aecd-94d5869e48ce,Planetary_Environmental,Planetary_Environmental/Geosphere/Pedosphere/Permafrost_Layer,Permafrost Layer,2,20,200,Component,Static,1500.0,2,1.5,2,materials/cryosphere/ice_composite,1,erosion_decay,
a1b2c3d4-1dc2-5cad-9c88-9ade56eee5df,Planetary_Environmental,Planetary_Environmental/Hydrosphere/Oceanic/Mid_Ocean_Ridge,Mid Ocean Ridge,50000,300000,1500000,Planetary,Static,1e+17,100000,100000,20000,materials/geology/rock_terrain_composite,1,erosion_decay,
a1b2c3d4-a43f-56f2-96a8-942de9057456,Planetary_Environmental,Planetary_Environmental/Hydrosphere/Oceanic/Coral_Reef_System,Coral Reef System,30,300,3000,District,Static,5000000.0,400,400,100,materials/ocean/reef_calcium,1,erosion_decay,
a1b2c3d4-79f7-58a4-ba64-f46a0459a7b0,Planetary_Environmental,Planetary_Environmental/Hydrosphere/Oceanic/Continental_Shelf,Continental Shelf,500,5000,50000,Regional,Static,100000000000.0,4000,4000,2000,materials/geology/rock_terrain_composite,1,erosion_decay,
a1b2c3d4-8c96-5649-bd49-1e71fa9c07b4,Planetary_Environmental,Planetary_Environmental/Hydrosphere/Oceanic/Submarine_Canyon,Submarine Canyon,500,5000,50000,Regional,Static,100000000000.0,4000,4000,2000,materials/geology/rock_terrain_composite,1,erosion_decay,
a1b2c3d4-6a50-5500-8da9-f685b39cc1f9,Planetary_Environmental,Planetary_Environmental/Hydrosphere/Freshwater/Glacial_Lake,Glacial Lake,30,300,3000,District,Static,5000000.0,400,400,100,materials/water/generic_fluid,2,erosion_decay,
a1b2c3d4-9398-5d08-84ea-c6e4f93c6a99,Planetary_Environmental,Planetary_Environmental/Hydrosphere/Freshwater/Underground_Aquifer,Underground Aquifer,500,5000,50000,Regional,Static,100000000000.0,4000,4000,2000,materials/water/generic_fluid,2,erosion_decay,
a1b2c3d4-52a9-5f4a-adbb-488cc1803964,Planetary_Environmental,Planetary_Environmental/Hydrosphere/Freshwater/Waterfall,Waterfall,30,300,3000,District,Static,5000000.0,400,400,100,materials/water/generic_fluid,2,erosion_decay,
a1b2c3d4-93be-54e6-972e-52bd1277fe86,Planetary_Environmental,Planetary_Environmental/Hydrosphere/Freshwater/Spring_Source,Spring Source,30,300,3000,District,Static,5000000.0,400,400,100,materials/water/generic_fluid,2,erosion_decay,
a1b2c3d4-a688-51e5-b2b1-6e63ea29f98d,Planetary_Environmental,Planetary_Environmental/Hydrosphere/Transitional/Mangrove_Swamp,Mangrove Swamp,30,300,3000,District,Static,5000000.0,400,400,100,materials/ocean/reef_calcium,1,erosion_decay,
a1b2c3d4-ab73-5a21-a29c-2a6275fd7136,Planetary_Environmental,Planetary_Environmental/Hydrosphere/Transitional/Tidal_Flat,Tidal Flat,30,300,3000,District,Static,5000000.0,400,400,100,materials/geology/rock_terrain_composite,1,erosion_decay,
a1b2c3d4-9d2e-5288-8294-24a1e59622ab,Planetary_Environmental,Planetary_Environmental/Hydrosphere/Transitional/Fjord,Fjord,500,5000,50000,Regional,Static,100000000000.0,4000,4000,2000,materials/water/generic_fluid,1,erosion_decay,
a1b2c3d4-c8da-564f-b24c-25bbe103b5b3,Planetary_Environmental,Planetary_Environmental/Hydrosphere/Transitional/Lagoon,Lagoon,30,300,3000,District,Static,5000000.0,400,400,100,materials/water/generic_fluid,1,erosion_decay,
a1b2c3d4-43f1-59a2-b63f-f9ebcc7bf696,Planetary_Environmental,Planetary_Environmental/Hydrosphere/Transitional/Delta_System,Delta System,500,5000,50000,Regional,Static,100000000000.0,4000,4000,2000,materials/water/generic_fluid,2,erosion_decay,
a1b2c3d4-81a6-5dd1-90a7-fb3555bd5b28,Planetary_Environmental,Planetary_Environmental/Atmosphere/Layers/Stratospheric_Ozone_Layer,Stratospheric Ozone Layer,50000,300000,1500000,Planetary,Static,1e+17,100000,100000,20000,materials/atmosphere/volumetric_generic,1,erosion_decay,
a1b2c3d4-12f9-59e3-955e-a32696adca3d,Planetary_Environmental,Planetary_Environmental/Atmosphere/Layers/Mesosphere_Zone,Mesosphere Zone,50000,300000,1500000,Planetary,Static,1e+17,100000,100000,20000,materials/atmosphere/volumetric_generic,1,erosion_decay,
a1b2c3d4-3031-5e44-92ff-d963b40a54a6,Planetary_Environmental,Planetary_Environmental/Atmosphere/Layers/Thermosphere_Zone,Thermosphere Zone,50000,300000,1500000,Planetary,Static,1e+17,100000,100000,20000,materials/atmosphere/volumetric_generic,1,erosion_decay,
a1b2c3d4-07d4-515e-bba5-e6a3ba778f3b,Planetary_Environmental,Planetary_Environmental/Atmosphere/Phenomena/Thunderstorm_Cell,Thunderstorm Cell,500,5000,50000,Regional,Static,100000000000.0,4000,4000,2000,materials/atmosphere/volumetric_generic,2,erosion_decay,
a1b2c3d4-a29a-5be9-b8b5-fbdf7e3acb61,Planetary_Environmental,Planetary_Environmental/Atmosphere/Phenomena/Tornado_Vortex,Tornado Vortex,30,300,3000,District,Static,5000000.0,400,400,100,materials/atmosphere/volumetric_generic,2,erosion_decay,
a1b2c3d4-76eb-5a24-9fec-0444dbfcac87,Planetary_Environmental,Planetary_Environmental/Atmosphere/Phenomena/Dust_Storm_Front,Dust Storm Front,500,5000,50000,Regional,Static,100000000000.0,4000,4000,2000,materials/atmosphere/volumetric_generic,2,erosion_decay,
a1b2c3d4-28fe-5ee2-9729-736fba41ae52,Planetary_Environmental,Planetary_Environmental/Atmosphere/Phenomena/Fog_Bank,Fog Bank,30,300,3000,District,Static,5000000.0,400,400,100,materials/atmosphere/volumetric_generic,2,erosion_decay,
a1b2c3d4-df83-549e-9f51-ce3642e26ca2,Planetary_Environmental,Planetary_Environmental/Cryosphere/Glacier,Glacier,500,5000,50000,Regional,Static,100000000000.0,4000,4000,2000,materials/cryosphere/ice_composite,1,erosion_decay,
a1b2c3d4-6c7d-5db8-a750-47655509a25d,Planetary_Environmental,Planetary_Environmental/Cryosphere/Ice_Sheet,Ice Sheet,50000,300000,1500000,Planetary,Static,1e+17,100000,100000,20000,materials/cryosphere/ice_composite,1,erosion_decay,
a1b2c3d4-05cb-5d37-a1d2-f0acf1f7338c,Planetary_Environmental,Planetary_Environmental/Cryosphere/Permafrost,Permafrost,500,5000,50000,Regional,Static,100000000000.0,4000,4000,2000,materials/cryosphere/ice_composite,1,erosion_decay,
a1b2c3d4-19e1-5628-a31b-07a0153b9663,Planetary_Environmental,Planetary_Environmental/Cryosphere/Sea_Ice_Pack,Sea Ice Pack,30,300,3000,District,Static,5000000.0,400,400,100,materials/cryosphere/ice_composite,1,erosion_decay,
a1b2c3d4-3c0b-5ec4-bd98-23059895af76,Planetary_Environmental,Planetary_Environmental/Cryosphere/Iceberg,Iceberg,30,300,3000,District,Static,5000000.0,400,400,100,materials/cryosphere/ice_composite,1,erosion_decay,
a1b2c3d4-192d-51b5-be84-75f83fb2aa64,Planetary_Environmental,Planetary_Environmental/Cryosphere/Snow_Pack,Snow Pack,30,300,3000,District,Static,5000000.0,400,400,100,materials/cryosphere/ice_composite,1,erosion_decay,
b1b2c3d4-eee5-5618-9440-14e43f8d4074,Civil_Infrastructure_Heavy_Industry,Civil_Infrastructure/Power_Generation/Nuclear/Steam_Generator,Steam Generator,2,20,200,Component,Static,1500.0,2,1.5,2,materials/industrial/heavy_plate_steel,3,structural_failure,
b1b2c3d4-f531-5308-b18f-b82f48b5b6d7,Civil_Infrastructure_Heavy_Industry,Civil_Infrastructure/Power_Generation/Nuclear/Spent_Fuel_Pool,Spent Fuel Pool,8,80,800,Room,Static,40000.0,8,6,4,materials/industrial/heavy_plate_steel,3,structural_failure,
b1b2c3d4-9096-5a5d-b187-ceb365282f84,Civil_Infrastructure_Heavy_Industry,Civil_Infrastructure/Power_Generation/Nuclear/Turbine_Building,Turbine Building,30,300,3000,Building,Static,800000.0,40,40,40,materials/industrial/heavy_plate_steel,3,structural_failure,
b1b2c3d4-9747-59ff-a3f8-2fefb2af8c4c,Civil_Infrastructure_Heavy_Industry,Civil_Infrastructure/Power_Generation/Generator_Hall/Gas_Turbine,Gas Turbine,2,20,200,Component,Static,1500.0,2,1.5,2,materials/industrial/heavy_plate_steel,3,structural_failure,
b1b2c3d4-a53b-5448-ba8f-cbc40d9c8891,Civil_Infrastructure_Heavy_Industry,Civil_Infrastructure/Power_Generation/Generator_Hall/Rotor_Assembly,Rotor Assembly,2,20,200,Component,Static,1500.0,2,1.5,2,materials/industrial/heavy_plate_steel,3,structural_failure,
b1b2c3d4-5d92-542f-928c-128f715a8326,Civil_Infrastructure_Heavy_Industry,Civil_Infrastructure/Power_Generation/Generator_Hall/Exciter,Exciter,2,20,200,Component,Static,1500.0,2,1.5,2,materials/electrical/conductor_assembly,3,structural_failure,
b1b2c3d4-86f3-5f88-a6ca-eb549076bd74,Civil_Infrastructure_Heavy_Industry,Civil_Infrastructure/Power_Generation/Generator_Hall/Governor_System,Governor System,2,20,200,Component,Static,1500.0,2,1.5,2,materials/industrial/heavy_plate_steel,3,structural_failure,
b1b2c3d4-0bed-525f-8255-9e1cbcf40d99,Civil_Infrastructure_Heavy_Industry,Civil_Infrastructure/Power_Generation/Distribution_Grid/Circuit_Breaker,Circuit Breaker,2,20,200,Component,Static,1500.0,2,1.5,2,materials/electrical/conductor_assembly,3,structural_failure,
b1b2c3d4-9d7c-568e-8c1e-24f89ada784a,Civil_Infrastructure_Heavy_Industry,Civil_Infrastructure/Power_Generation/Distribution_Grid/Disconnect_Switch,Disconnect Switch,2,20,200,Component,Static,1500.0,2,1.5,2,materials/electrical/conductor_assembly,3,structural_failure,
b1b2c3d4-9138-561b-ad28-ac6fe0b8ecfa,Civil_Infrastructure_Heavy_Industry,Civil_Infrastructure/Power_Generation/Distribution_Grid/Transmission_Tower,Transmission Tower,30,300,3000,Building,Static,800000.0,40,40,40,materials/industrial/heavy_plate_steel,3,structural_failure,
b1b2c3d4-8bb1-5138-b232-8cba19cc04bc,Civil_Infrastructure_Heavy_Industry,Civil_Infrastructure/Power_Generation/Distribution_Grid/Underground_Cable,Underground Cable,2,20,200,Component,Static,1500.0,2,1.5,2,materials/electrical/conductor_assembly,3,structural_failure,
b1b2c3d4-4ee3-5a2b-b5a3-4a327c5a7847,Civil_Infrastructure_Heavy_Industry,Civil_Infrastructure/Power_Generation/Renewable/Wind_Turbine_Nacelle,Wind Turbine Nacelle,0.5,5,50,SubComponent,Static,40.0,0.4,0.3,0.3,materials/industrial/heavy_plate_steel,3,structural_failure,
b1b2c3d4-ce37-5874-90c0-11729e5cda11,Civil_Infrastructure_Heavy_Industry,Civil_Infrastructure/Power_Generation/Renewable/Solar_Panel_Array,Solar Panel Array,2,20,200,Component,Static,1500.0,2,1.5,2,materials/industrial/heavy_plate_steel,3,structural_failure,
b1b2c3d4-6314-5859-a7b5-5acb54eb22af,Civil_Infrastructure_Heavy_Industry,Civil_Infrastructure/Power_Generation/Renewable/Hydroelectric_Penstock,Hydroelectric Penstock,2,20,200,Component,Static,1500.0,2,1.5,2,materials/industrial/heavy_plate_steel,3,structural_failure,
b1b2c3d4-3d85-55ac-83ae-070e7198d8f0,Civil_Infrastructure_Heavy_Industry,Civil_Infrastructure/Power_Generation/Renewable/Geothermal_Well_Head,Geothermal Well Head,2,20,200,Component,Static,1500.0,2,1.5,2,materials/industrial/heavy_plate_steel,3,structural_failure,
b1b2c3d4-1732-5587-a2e9-710f1d70b46c,Civil_Infrastructure_Heavy_Industry,Civil_Infrastructure/Power_Generation/Renewable/Wave_Energy_Converter,Wave Energy Converter,2,20,200,Component,Static,1500.0,2,1.5,2,materials/industrial/heavy_plate_steel,3,structural_failure,
b1b2c3d4-1b53-5b9b-8823-fd5eb45134d3,Civil_Infrastructure_Heavy_Industry,Civil_Infrastructure/Petrochemical/Catalytic_Cracker,Catalytic Cracker,2,20,200,Component,Static,1500.0,2,1.5,2,materials/industrial/heavy_plate_steel,3,structural_failure,
b1b2c3d4-af03-57ef-9e91-d7982286f955,Civil_Infrastructure_Heavy_Industry,Civil_Infrastructure/Petrochemical/Flare_Stack,Flare Stack,2,20,200,Component,Static,1500.0,2,1.5,2,materials/industrial/heavy_plate_steel,3,structural_failure,
b1b2c3d4-b416-5700-a4ba-c9e8add68f45,Civil_Infrastructure_Heavy_Industry,Civil_Infrastructure/Petrochemical/Pipeline_Pig_Launcher,Pipeline Pig Launcher,0.5,5,50,SubComponent,Static,40.0,0.4,0.3,0.3,materials/industrial/heavy_plate_steel,3,structural_failure,
b1b2c3d4-facc-5686-9f6c-d689d81e590b,Civil_Infrastructure_Heavy_Industry,Civil_Infrastructure/Petrochemical/LNG_Storage_Sphere,LNG Storage Sphere,30,300,3000,Building,Static,800000.0,40,40,40,materials/industrial/heavy_plate_steel,3,structural_failure,100
b1b2c3d4-6ddf-56e1-8e0e-c64278caf3c4,Civil_Infrastructure_Heavy_Industry,Civil_Infrastructure/Mining/Ball_Mill,Ball Mill,2,20,200,Component,Static,1500.0,2,1.5,2,materials/industrial/heavy_plate_steel,3,structural_failure,
b1b2c3d4-17c7-572f-b3fe-9d975a001412,Civil_Infrastructure_Heavy_Industry,Civil_Infrastructure/Mining/Flotation_Cell,Flotation Cell,0.5,5,50,SubComponent,Static,40.0,0.4,0.3,0.3,materials/industrial/heavy_plate_steel,3,structural_failure,
b1b2c3d4-eb8a-5c5a-93ef-9690e2869b8e,Civil_Infrastructure_Heavy_Industry,Civil_Infrastructure/Mining/Conveyor_System,Conveyor System,2,20,200,Component,Static,1500.0,2,1.5,2,materials/industrial/heavy_plate_steel,3,structural_failure,
b1b2c3d4-79a4-546d-b00e-93b2045058dc,Civil_Infrastructure_Heavy_Industry,Civil_Infrastructure/Mining/Shaft_Head_Frame,Shaft Head Frame,2,20,200,Component,Static,1500.0,2,1.5,2,materials/industrial/heavy_plate_steel,3,structural_failure,
b1b2c3d4-f7cb-58fe-acf1-1e5f1a537196,Civil_Infrastructure_Heavy_Industry,Civil_Infrastructure/Mining/Tailings_Dam,Tailings Dam,8,80,800,Room,Static,40000.0,8,6,4,materials/industrial/reinforced_concrete,3,structural_failure,
b1b2c3d4-011c-584c-a5bc-404116ec82ec,Civil_Infrastructure_Heavy_Industry,Civil_Infrastructure/Mining/Haul_Truck,Haul Truck,2,20,200,Component,Static,1500.0,2,1.5,2,materials/industrial/heavy_plate_steel,3,structural_failure,
b1b2c3d4-3eed-57a7-b8ff-82e60f443baf,Civil_Infrastructure_Heavy_Industry,Civil_Infrastructure/Water_Treatment/Rapid_Sand_Filter,Rapid Sand Filter,0.5,5,50,SubComponent,Static,40.0,0.4,0.3,0.3,materials/industrial/heavy_plate_steel,3,structural_failure,
b1b2c3d4-08ac-5a3f-8ec8-a0f22450a7dc,Civil_Infrastructure_Heavy_Industry,Civil_Infrastructure/Water_Treatment/UV_Disinfection_Chamber,UV Disinfection Chamber,8,80,800,Room,Static,40000.0,8,6,4,materials/industrial/heavy_plate_steel,3,structural_failure,
b1b2c3d4-9965-5c7b-b695-b4d8869b9b53,Civil_Infrastructure_Heavy_Industry,Civil_Infrastructure/Water_Treatment/Membrane_Bioreactor,Membrane Bioreactor,30,300,3000,Building,Static,800000.0,40,40,40,materials/industrial/heavy_plate_steel,3,structural_failure,100
b1b2c3d4-2377-583a-992c-37f5de81822a,Civil_Infrastructure_Heavy_Industry,Civil_Infrastructure/Water_Treatment/Chlorine_Contact_Tank,Chlorine Contact Tank,8,80,800,Room,Static,40000.0,8,6,4,materials/industrial/reinforced_concrete,3,structural_failure,100
b1b2c3d4-44b7-5432-9787-9c47a402c42c,Civil_Infrastructure_Heavy_Industry,Civil_Infrastructure/Water_Treatment/Sludge_Digester,Sludge Digester,2,20,200,Component,Static,1500.0,2,1.5,2,materials/industrial/heavy_plate_steel,3,structural_failure,
b1b2c3d4-4d6c-5c42-a65e-9dbeefe6e5e4,Civil_Infrastructure_Heavy_Industry,Civil_Infrastructure/Wastewater/Pump_Station,Pump Station,8,80,800,Room,Static,40000.0,8,6,4,materials/industrial/heavy_plate_steel,3,structural_failure,
b1b2c3d4-ebb2-56c7-b2f5-f950c05c9668,Civil_Infrastructure_Heavy_Industry,Civil_Infrastructure/Wastewater/Grit_Chamber,Grit Chamber,8,80,800,Room,Static,40000.0,8,6,4,materials/industrial/heavy_plate_steel,3,structural_failure,
b1b2c3d4-fbc5-5d4f-8a9c-dbd26e9d0815,Civil_Infrastructure_Heavy_Industry,Civil_Infrastructure/Wastewater/Aeration_Tank,Aeration Tank,8,80,800,Room,Static,40000.0,8,6,4,materials/industrial/reinforced_concrete,3,structural_failure,100
b1b2c3d4-4818-530a-8b36-4cc2f6daa83b,Civil_Infrastructure_Heavy_Industry,Civil_Infrastructure/Wastewater/Secondary_Clarifier,Secondary Clarifier,2,20,200,Component,Static,1500.0,2,1.5,2,materials/industrial/heavy_plate_steel,3,structural_failure,
b1b2c3d4-5e7a-51d6-80bd-6cec636f03ba,Civil_Infrastructure_Heavy_Industry,Civil_Infrastructure/Wastewater/Anaerobic_Digester,Anaerobic Digester,2,20,200,Component,Static,1500.0,2,1.5,2,materials/industrial/heavy_plate_steel,3,structural_failure,
b1b2c3d4-b74f-5371-97d9-29bdd165cd17,Civil_Infrastructure_Heavy_Industry,Civil_Infrastructure/Logistics_Rail/Marshalling_Yard,Marshalling Yard,8,80,800,Room,Static,40000.0,8,6,4,materials/industrial/heavy_plate_steel,3,structural_failure,
b1b2c3d4-24cf-500b-a3e5-1223688894a7,Civil_Infrastructure_Heavy_Industry,Civil_Infrastructure/Logistics_Rail/Container_Gantry_Crane,Container Gantry Crane,2,20,200,Component,Static,1500.0,2,1.5,2,materials/industrial/heavy_plate_steel,3,structural_failure,
b1b2c3d4-de36-5941-baa5-0e3c3cef0adf,Civil_Infrastructure_Heavy_Industry,Civil_Infrastructure/Logistics_Rail/Intermodal_Terminal,Intermodal Terminal,8,80,800,Room,Static,40000.0,8,6,4,materials/industrial/heavy_plate_steel,3,structural_failure,
b1b2c3d4-6c5d-5bfb-b9f3-68bb1095e326,Civil_Infrastructure_Heavy_Industry,Civil_Infrastructure/Logistics_Rail/Signal_Box,Signal Box,0.5,5,50,SubComponent,Static,40.0,0.4,0.3,0.3,materials/industrial/heavy_plate_steel,3,structural_failure,
c1b2c3d4-ccbc-5de6-b37b-8a8e25bfe50b,Commercial_Institutional_Residential,Buildings/Structural_Core/Post_Tensioned_Slab,Post Tensioned Slab,2,20,200,Component,Static,1500.0,2,1.5,2,materials/construction/reinforced_concrete,2,structural_collapse,
c1b2c3d4-c83f-5794-83cb-29979dcb2f98,Commercial_Institutional_Residential,Buildings/Structural_Core/Shear_Wall,Shear Wall,2,20,200,Component,Static,1500.0,2,1.5,2,materials/construction/reinforced_concrete,2,structural_collapse,
c1b2c3d4-977d-57fd-a694-e23082d06c98,Commercial_Institutional_Residential,Buildings/Structural_Core/Transfer_Beam,Transfer Beam,2,20,200,Component,Static,1500.0,2,1.5,2,materials/construction/reinforced_concrete,2,structural_collapse,
c1b2c3d4-e042-5d09-a4dd-27f5c9bd8708,Commercial_Institutional_Residential,Buildings/Structural_Core/Roof_Truss,Roof Truss,2,20,200,Component,Static,1500.0,2,1.5,2,materials/construction/structural_steel,2,structural_collapse,
c1b2c3d4-57f5-5a01-8bdb-21aff20e4ede,Commercial_Institutional_Residential,Buildings/MEP_Systems/HVAC/AHU_Air_Handling_Unit,AHU Air Handling Unit,8,80,800,Room,Static,40000.0,8,6,4,materials/mechanical/sheet_metal_assembly,3,structural_collapse,
c1b2c3d4-716c-5be4-b6b0-732fc1848e88,Commercial_Institutional_Residential,Buildings/MEP_Systems/HVAC/Cooling_Tower,Cooling Tower,30,300,3000,Building,Static,800000.0,40,40,40,materials/mechanical/sheet_metal_assembly,3,structural_collapse,
c1b2c3d4-e4d5-53e7-9887-6a45665e6d14,Commercial_Institutional_Residential,Buildings/MEP_Systems/HVAC/Boiler,Boiler,2,20,200,Component,Static,1500.0,2,1.5,2,materials/mechanical/sheet_metal_assembly,3,structural_collapse,
c1b2c3d4-41f9-5aff-b1d9-1ee36e677f98,Commercial_Institutional_Residential,Buildings/MEP_Systems/HVAC/Ductwork_Main,Ductwork Main,2,20,200,Component,Static,1500.0,2,1.5,2,materials/mechanical/sheet_metal_assembly,3,structural_collapse,
c1b2c3d4-4c9a-58e0-a876-2af0b47d3a7c,Commercial_Institutional_Residential,Buildings/MEP_Systems/HVAC/FCU_Fan_Coil_Unit,FCU Fan Coil Unit,8,80,800,Room,Static,40000.0,8,6,4,materials/mechanical/sheet_metal_assembly,3,structural_collapse,
c1b2c3d4-1798-5756-85a8-ccbc3347a014,Commercial_Institutional_Residential,Buildings/MEP_Systems/Electrical/UPS_System,UPS System,2,20,200,Component,Static,1500.0,2,1.5,2,materials/electrical/enclosure_assembly,3,structural_collapse,3
c1b2c3d4-88a0-5dbf-8a96-6bcd58f91d96,Commercial_Institutional_Residential,Buildings/MEP_Systems/Electrical/Emergency_Generator,Emergency Generator,2,20,200,Component,Static,1500.0,2,1.5,2,materials/electrical/enclosure_assembly,3,structural_collapse,
c1b2c3d4-3542-5649-a5b5-7299766d0bc5,Commercial_Institutional_Residential,Buildings/MEP_Systems/Electrical/Motor_Control_Center,Motor Control Center,2,20,200,Component,Static,1500.0,2,1.5,2,materials/electrical/enclosure_assembly,3,structural_collapse,
c1b2c3d4-b4ad-53b7-9fb3-81a305bc501d,Commercial_Institutional_Residential,Buildings/MEP_Systems/Electrical/Cable_Tray_Riser,Cable Tray Riser,2,20,200,Component,Static,1500.0,2,1.5,2,materials/construction/structural_steel,2,structural_collapse,
c1b2c3d4-a82e-5c47-bcfe-d370229562fc,Commercial_Institutional_Residential,Buildings/MEP_Systems/Plumbing/Domestic_Water_Booster,Domestic Water Booster,2,20,200,Component,Static,1500.0,2,1.5,2,materials/construction/composite_assembly,2,structural_collapse,
c1b2c3d4-f5d3-5a78-858a-3511aec763ff,Commercial_Institutional_Residential,Buildings/MEP_Systems/Plumbing/Sanitary_Stack,Sanitary Stack,2,20,200,Component,Static,1500.0,2,1.5,2,materials/construction/composite_assembly,3,structural_collapse,
c1b2c3d4-f522-50a6-86b1-6c42003dd39a,Commercial_Institutional_Residential,Buildings/MEP_Systems/Plumbing/Grease_Trap,Grease Trap,0.5,5,50,SubComponent,Static,40.0,0.4,0.3,0.3,materials/construction/composite_assembly,3,structural_collapse,
c1b2c3d4-8f37-5fce-9f63-53dcbb524959,Commercial_Institutional_Residential,Buildings/MEP_Systems/Plumbing/Backflow_Preventer,Backflow Preventer,0.5,5,50,SubComponent,Static,40.0,0.4,0.3,0.3,materials/construction/composite_assembly,3,structural_collapse,
c1b2c3d4-748a-51f9-906b-1e8a2447f59f,Commercial_Institutional_Residential,Buildings/MEP_Systems/Plumbing/Roof_Drain_Leader,Roof Drain Leader,2,20,200,Component,Static,1500.0,2,1.5,2,materials/construction/composite_assembly,3,structural_collapse,
c1b2c3d4-f65f-549f-ac76-a919aee5c2d2,Commercial_Institutional_Residential,Buildings/MEP_Systems/Plumbing/Water_Heater,Water Heater,2,20,200,Component,Static,1500.0,2,1.5,2,materials/construction/composite_assembly,3,structural_collapse,
c1b2c3d4-3c0f-581b-8ddf-d79b66645467,Commercial_Institutional_Residential,Buildings/MEP_Systems/Fire_Protection/Wet_Sprinkler_Riser,Wet Sprinkler Riser,2,20,200,Component,Static,1500.0,2,1.5,2,materials/construction/composite_assembly,2,structural_collapse,
c1b2c3d4-3209-5a7d-92a0-aa6f4dee7d6e,Commercial_Institutional_Residential,Buildings/MEP_Systems/Fire_Protection/Fire_Pump,Fire Pump,2,20,200,Component,Static,1500.0,2,1.5,2,materials/mechanical/sheet_metal_assembly,3,structural_collapse,
c1b2c3d4-4b32-562c-bedb-152026abac35,Commercial_Institutional_Residential,Buildings/MEP_Systems/Fire_Protection/Standpipe_System,Standpipe System,2,20,200,Component,Static,1500.0,2,1.5,2,materials/construction/composite_assembly,2,structural_collapse,
c1b2c3d4-e04b-5237-ad20-772fd28de650,Commercial_Institutional_Residential,Buildings/MEP_Systems/Fire_Protection/Smoke_Detector,Smoke Detector,0.5,5,50,SubComponent,Static,40.0,0.4,0.3,0.3,materials/construction/composite_assembly,2,structural_collapse,
c1b2c3d4-9411-5f9e-b42a-1922339f6e92,Commercial_Institutional_Residential,Buildings/MEP_Systems/Fire_Protection/Fire_Alarm_Panel,Fire Alarm Panel,2,20,200,Component,Static,1500.0,2,1.5,2,materials/electrical/enclosure_assembly,3,structural_collapse,3
c1b2c3d4-f70f-5a44-a37e-f156427aaf54,Commercial_Institutional_Residential,Buildings/Specialized_Facilities/Healthcare/Isolation_Ward_HEPA,Isolation Ward HEPA,8,80,800,Room,Static,40000.0,8,6,4,materials/mechanical/sheet_metal_assembly,2,structural_collapse,
c1b2c3d4-eea9-59a5-8e21-b493373f780f,Commercial_Institutional_Residential,Buildings/Specialized_Facilities/Healthcare/Pharmacy_Clean_Hood,Pharmacy Clean Hood,8,80,800,Room,Static,40000.0,8,6,4,materials/mechanical/sheet_metal_assembly,2,structural_collapse,
c1b2c3d4-eeea-5e62-bb0e-8b9e862c65db,Commercial_Institutional_Residential,Buildings/Specialized_Facilities/Healthcare/Medical_Gas_Manifold,Medical Gas Manifold,0.5,5,50,SubComponent,Static,40.0,0.4,0.3,0.3,materials/construction/composite_assembly,2,structural_collapse,
c1b2c3d4-5e57-5724-8ac0-df4bcae79369,Commercial_Institutional_Residential,Buildings/Specialized_Facilities/Data_Center/PDU_Power_Distribution_Unit,PDU Power Distribution Unit,8,80,800,Room,Static,40000.0,8,6,4,materials/electrical/enclosure_assembly,3,structural_collapse,
c1b2c3d4-84cd-5a66-8438-558d3c995b8d,Commercial_Institutional_Residential,Buildings/Specialized_Facilities/Data_Center/CRAC_Unit,CRAC Unit,8,80,800,Room,Static,40000.0,8,6,4,materials/mechanical/sheet_metal_assembly,3,structural_collapse,
c1b2c3d4-8465-5e86-a631-62be4f5d9f3d,Commercial_Institutional_Residential,Buildings/Specialized_Facilities/Data_Center/Battery_Room_UPS,Battery Room UPS,8,80,800,Room,Static,40000.0,8,6,4,materials/electrical/enclosure_assembly,3,structural_collapse,3
c1b2c3d4-6a90-5c98-8600-12c8ceb2a222,Commercial_Institutional_Residential,Buildings/Specialized_Facilities/Data_Center/Fire_Suppression_Novec,Fire Suppression Novec,2,20,200,Component,Static,1500.0,2,1.5,2,materials/construction/composite_assembly,2,structural_collapse,
c1b2c3d4-f6c6-555e-be8e-d81b5a138549,Commercial_Institutional_Residential,Buildings/Specialized_Facilities/Cleanroom/Air_Shower,Air Shower,2,20,200,Component,Static,1500.0,2,1.5,2,materials/construction/composite_assembly,2,structural_collapse,
c1b2c3d4-ddc3-5efb-ab5c-eb64a2625e93,Commercial_Institutional_Residential,Buildings/Specialized_Facilities/Cleanroom/Pass_Through_Chamber,Pass Through Chamber,8,80,800,Room,Static,40000.0,8,6,4,materials/construction/composite_assembly,2,structural_collapse,
c1b2c3d4-ebcd-5903-a0ab-75b0f2588ad4,Commercial_Institutional_Residential,Buildings/Specialized_Facilities/Cleanroom/Gowning_Room,Gowning Room,8,80,800,Room,Static,40000.0,8,6,4,materials/construction/composite_assembly,2,structural_collapse,
c1b2c3d4-74f4-5cbd-921c-6eb2c1df6145,Commercial_Institutional_Residential,Buildings/Specialized_Facilities/Cleanroom/Laminar_Flow_Bench,Laminar Flow Bench,2,20,200,Component,Static,1500.0,2,1.5,2,materials/construction/composite_assembly,2,structural_collapse,
c1b2c3d4-94b2-5a67-b8d7-ee098b4e764c,Commercial_Institutional_Residential,Buildings/Specialized_Facilities/Laboratory/Fume_Hood,Fume Hood,8,80,800,Room,Static,40000.0,8,6,4,materials/mechanical/sheet_metal_assembly,2,structural_collapse,
c1b2c3d4-b639-522a-8ec9-e1b393a9bcea,Commercial_Institutional_Residential,Buildings/Specialized_Facilities/Laboratory/Biosafety_Cabinet,Biosafety Cabinet,8,80,800,Room,Static,40000.0,8,6,4,materials/mechanical/sheet_metal_assembly,2,structural_collapse,
c1b2c3d4-3b6a-50fe-86db-b5c412e0ee22,Commercial_Institutional_Residential,Buildings/Specialized_Facilities/Laboratory/Autoclave,Autoclave,2,20,200,Component,Static,1500.0,2,1.5,2,materials/construction/composite_assembly,2,structural_collapse,
c1b2c3d4-df84-525b-b83f-a0a5088f723a,Commercial_Institutional_Residential,Buildings/Specialized_Facilities/Laboratory/Chemical_Storage_Cabinet,Chemical Storage Cabinet,8,80,800,Room,Static,40000.0,8,6,4,materials/mechanical/sheet_metal_assembly,2,structural_collapse,
c1b2c3d4-a33a-5508-a319-532236073045,Commercial_Institutional_Residential,Buildings/Specialized_Facilities/Laboratory/Emergency_Shower_Eyewash,Emergency Shower Eyewash,2,20,200,Component,Static,1500.0,2,1.5,2,materials/construction/composite_assembly,2,structural_collapse,
c1b2c3d4-e047-5f52-bccc-d509bc023359,Commercial_Institutional_Residential,Buildings/Residential/Foundation_Footing,Foundation Footing,2,20,200,Component,Static,1500.0,2,1.5,2,materials/construction/reinforced_concrete,2,structural_collapse,
c1b2c3d4-6284-5779-aa34-58c6f1c52278,Commercial_Institutional_Residential,Buildings/Residential/Stud_Wall_Assembly,Stud Wall Assembly,2,20,200,Component,Static,1500.0,2,1.5,2,materials/construction/reinforced_concrete,2,structural_collapse,
c1b2c3d4-f66c-5a09-b414-4576b0bea758,Commercial_Institutional_Residential,Buildings/Residential/Roof_Rafter_Truss,Roof Rafter Truss,2,20,200,Component,Static,1500.0,2,1.5,2,materials/construction/structural_steel,2,structural_collapse,
c1b2c3d4-86cf-5479-a69d-d54a45363c27,Commercial_Institutional_Residential,Buildings/Residential/Plumbing_Stack,Plumbing Stack,2,20,200,Component,Static,1500.0,2,1.5,2,materials/construction/composite_assembly,3,structural_collapse,
c1b2c3d4-6e10-599a-a43f-aa0142514135,Commercial_Institutional_Residential,Buildings/Residential/Electrical_Panel_200A,Electrical Panel 200A,2,20,200,Component,Static,1500.0,2,1.5,2,materials/electrical/enclosure_assembly,3,structural_collapse,3
c1b2c3d4-0214-58f7-91a6-2445cefeade2,Commercial_Institutional_Residential,Buildings/Residential/HVAC_Split_System,HVAC Split System,2,20,200,Component,Static,1500.0,2,1.5,2,materials/construction/composite_assembly,2,structural_collapse,
c1b2c3d4-77ba-5e22-af24-1fdd91f06e74,Commercial_Institutional_Residential,Buildings/Residential/Garage_Door_Assembly,Garage Door Assembly,2,20,200,Component,Static,1500.0,2,1.5,2,materials/construction/composite_assembly,2,structural_collapse,
d1b2c3d4-ce03-5b31-b5a0-667070885830,Transportation_Logistics,Transportation/Aerospace/Fixed_Wing/Wing_Spar,Wing Spar,2,20,200,Component,Dynamic,1500.0,2,1.5,2,materials/aerospace/titanium_composite,3,mechanical_failure,
d1b2c3d4-9bc6-5e2b-b9cd-10356b4d2170,Transportation_Logistics,Transportation/Aerospace/Fixed_Wing/Fuselage_Section,Fuselage Section,2,20,200,Component,Dynamic,1500.0,2,1.5,2,materials/aerospace/titanium_composite,3,mechanical_failure,
d1b2c3d4-2b13-5a9e-a374-2d3f438f1fef,Transportation_Logistics,Transportation/Aerospace/Fixed_Wing/Landing_Gear_Assembly,Landing Gear Assembly,2,20,200,Component,Dynamic,1500.0,2,1.5,2,materials/automotive/formed_steel_alloy,3,mechanical_failure,
d1b2c3d4-d86f-5ebd-aa2e-9dd8b3ebe7c0,Transportation_Logistics,Transportation/Aerospace/Fixed_Wing/Fuel_Tank_Integral,Fuel Tank Integral,8,80,800,Room,Dynamic,40000.0,8,6,4,materials/automotive/formed_steel_alloy,3,mechanical_failure,
d1b2c3d4-eaa6-50f3-82e3-55f12d79bbf6,Transportation_Logistics,Transportation/Aerospace/Rotorcraft/Main_Rotor_Hub,Main Rotor Hub,2,20,200,Component,Dynamic,1500.0,2,1.5,2,materials/aerospace/titanium_composite,3,mechanical_failure,
d1b2c3d4-7fac-5b33-8543-64772f8532a2,Transportation_Logistics,Transportation/Aerospace/Rotorcraft/Tail_Rotor_Gearbox,Tail Rotor Gearbox,0.5,5,50,SubComponent,Dynamic,40.0,0.4,0.3,0.3,materials/aerospace/titanium_composite,3,mechanical_failure,
d1b2c3d4-b559-556a-b1b9-68cdf1005739,Transportation_Logistics,Transportation/Aerospace/Rotorcraft/Swashplate,Swashplate,2,20,200,Component,Dynamic,1500.0,2,1.5,2,materials/aerospace/titanium_composite,3,mechanical_failure,
d1b2c3d4-d6bb-5be8-9aaf-e65d9d161ba6,Transportation_Logistics,Transportation/Aerospace/Rotorcraft/Transmission_Module,Transmission Module,2,20,200,Component,Dynamic,1500.0,2,1.5,2,materials/automotive/formed_steel_alloy,3,mechanical_failure,
d1b2c3d4-c524-56a1-bc7a-125e71e2715b,Transportation_Logistics,Transportation/Aerospace/Spacecraft/Solar_Array_Wing,Solar Array Wing,2,20,200,Component,Dynamic,1500.0,2,1.5,2,materials/aerospace/titanium_composite,3,mechanical_failure,
d1b2c3d4-7bfa-50d0-b742-cbd631ad86c4,Transportation_Logistics,Transportation/Aerospace/Spacecraft/Rocket_Engine_Nozzle,Rocket Engine Nozzle,2,20,200,Component,Dynamic,1500.0,2,1.5,2,materials/aerospace/titanium_composite,3,mechanical_failure,
d1b2c3d4-6f97-5ff1-bf6b-0dc9990b6d1f,Transportation_Logistics,Transportation/Aerospace/Spacecraft/Heat_Shield_TPS,Heat Shield TPS,2,20,200,Component,Dynamic,1500.0,2,1.5,2,materials/aerospace/titanium_composite,3,mechanical_failure,
d1b2c3d4-d6d4-571c-81b4-e4c9a76584c0,Transportation_Logistics,Transportation/Aerospace/Spacecraft/Docking_Mechanism,Docking Mechanism,2,20,200,Component,Dynamic,1500.0,2,1.5,2,materials/aerospace/titanium_composite,3,mechanical_failure,
d1b2c3d4-03cf-51c1-a508-63c8fc968701,Transportation_Logistics,Transportation/Aerospace/Spacecraft/Life_Support_ECLSS,Life Support ECLSS,2,20,200,Component,Dynamic,1500.0,2,1.5,2,materials/aerospace/titanium_composite,3,mechanical_failure,
d1b2c3d4-961f-53d4-9bde-dcf753cb9d53,Transportation_Logistics,Transportation/Maritime/Propulsion/Azipod_Drive,Azipod Drive,2,20,200,Component,Dynamic,1500.0,2,1.5,2,materials/marine/coated_steel,3,mechanical_failure,
d1b2c3d4-ebe2-5801-8170-5f7107e52eac,Transportation_Logistics,Transportation/Maritime/Propulsion/Controllable_Pitch_Propeller,Controllable Pitch Propeller,2,20,200,Component,Dynamic,1500.0,2,1.5,2,materials/marine/coated_steel,3,mechanical_failure,
d1b2c3d4-229b-561f-b2a9-17d00993cade,Transportation_Logistics,Transportation/Maritime/Structure/Hull_Plate_Assembly,Hull Plate Assembly,2,20,200,Component,Dynamic,1500.0,2,1.5,2,materials/marine/coated_steel,3,mechanical_failure,
d1b2c3d4-0b35-533a-bb82-b4dfd7e66119,Transportation_Logistics,Transportation/Maritime/Structure/Bulkhead_Watertight,Bulkhead Watertight,2,20,200,Component,Dynamic,1500.0,2,1.5,2,materials/marine/coated_steel,3,mechanical_failure,
d1b2c3d4-d27c-51d4-a436-e17150e708ce,Transportation_Logistics,Transportation/Maritime/Structure/Ballast_Tank,Ballast Tank,8,80,800,Room,Dynamic,40000.0,8,6,4,materials/marine/coated_steel,3,mechanical_failure,
d1b2c3d4-44b7-5bcb-b554-01d98b61bcb9,Transportation_Logistics,Transportation/Maritime/Structure/Rudder_Assembly,Rudder Assembly,2,20,200,Component,Dynamic,1500.0,2,1.5,2,materials/marine/coated_steel,3,mechanical_failure,
d1b2c3d4-8f67-59a3-b2e1-4c005b6a4141,Transportation_Logistics,Transportation/Maritime/Systems/Cargo_Hold,Cargo Hold,8,80,800,Room,Dynamic,40000.0,8,6,4,materials/marine/coated_steel,3,mechanical_failure,
d1b2c3d4-234a-5541-b75c-63d9ac1ea747,Transportation_Logistics,Transportation/Maritime/Systems/Anchor_Windlass,Anchor Windlass,2,20,200,Component,Dynamic,1500.0,2,1.5,2,materials/marine/coated_steel,3,mechanical_failure,
d1b2c3d4-9a70-500c-89ab-3ba02fa8a503,Transportation_Logistics,Transportation/Maritime/Systems/Lifeboat_Davit,Lifeboat Davit,2,20,200,Component,Dynamic,1500.0,2,1.5,2,materials/marine/coated_steel,3,mechanical_failure,
d1b2c3d4-f204-5174-ab48-8863de7dabec,Transportation_Logistics,Transportation/Maritime/Systems/Navigation_Bridge,Navigation Bridge,8,80,800,Room,Dynamic,40000.0,8,6,4,materials/marine/coated_steel,3,mechanical_failure,
d1b2c3d4-f794-5ac3-8b9f-5d2d191f9646,Transportation_Logistics,Transportation/Land/Automotive/Suspension_Assembly,Suspension Assembly,2,20,200,Component,Dynamic,1500.0,2,1.5,2,materials/automotive/formed_steel_alloy,3,mechanical_failure,
d1b2c3d4-1824-56a9-8434-6fdb5d8259a4,Transportation_Logistics,Transportation/Land/Automotive/Braking_System_ABS,Braking System ABS,2,20,200,Component,Dynamic,1500.0,2,1.5,2,materials/automotive/formed_steel_alloy,3,mechanical_failure,
d1b2c3d4-655d-53ed-8463-76c64ffe9202,Transportation_Logistics,Transportation/Land/Automotive/Steering_Rack,Steering Rack,2,20,200,Component,Dynamic,1500.0,2,1.5,2,materials/automotive/formed_steel_alloy,3,mechanical_failure,
d1b2c3d4-2203-56cc-b54b-0f8ce3dff023,Transportation_Logistics,Transportation/Land/Automotive/Body_Shell_Monocoque,Body Shell Monocoque,8,80,800,Room,Dynamic,40000.0,8,6,4,materials/automotive/formed_steel_alloy,3,mechanical_failure,
d1b2c3d4-216b-53fc-876a-5f0712081753,Transportation_Logistics,Transportation/Land/Truck_Heavy/Fifth_Wheel_Coupling,Fifth Wheel Coupling,0.5,5,50,SubComponent,Dynamic,40.0,0.4,0.3,0.3,materials/automotive/formed_steel_alloy,3,mechanical_failure,
d1b2c3d4-afff-521d-9166-4e12f8aae1a2,Transportation_Logistics,Transportation/Land/Truck_Heavy/Air_Brake_System,Air Brake System,2,20,200,Component,Dynamic,1500.0,2,1.5,2,materials/automotive/formed_steel_alloy,3,mechanical_failure,
d1b2c3d4-957c-50c5-90d3-24573a03a3cc,Transportation_Logistics,Transportation/Land/Truck_Heavy/Tanker_Barrel,Tanker Barrel,8,80,800,Room,Dynamic,40000.0,8,6,4,materials/automotive/formed_steel_alloy,3,mechanical_failure,
d1b2c3d4-ad7b-5384-8194-eded8dc84181,Transportation_Logistics,Transportation/Land/Truck_Heavy/Refrigeration_Unit,Refrigeration Unit,30,300,3000,Building,Dynamic,800000.0,40,40,40,materials/automotive/formed_steel_alloy,3,mechanical_failure,
d1b2c3d4-97da-5709-b988-a9166dae8821,Transportation_Logistics,Transportation/Land/Rail/Pantograph,Pantograph,2,20,200,Component,Dynamic,1500.0,2,1.5,2,materials/rail/cast_steel,3,mechanical_failure,
d1b2c3d4-cbc0-59b1-a511-78bb2a0893af,Transportation_Logistics,Transportation/Land/Rail/Coupler_Knuckle,Coupler Knuckle,0.5,5,50,SubComponent,Dynamic,40.0,0.4,0.3,0.3,materials/rail/cast_steel,3,mechanical_failure,
d1b2c3d4-9c0e-57ea-8825-ad4432ec3ee6,Transportation_Logistics,Transportation/Land/Rail/Brake_Disc_Assembly,Brake Disc Assembly,2,20,200,Component,Dynamic,1500.0,2,1.5,2,materials/rail/cast_steel,3,mechanical_failure,
e1b2c3d4-689f-58b9-a65c-db6214ec2dcf,Biosphere_Living_Organisms,Biosphere/Botanical/Structural/Trunk_Bole,Trunk Bole,2,20,200,Component,Organic,1500.0,2,1.5,2,materials/organic/woody_tissue,2,organic_decay,
e1b2c3d4-b2fd-5112-8f8d-726be2dec8ee,Biosphere_Living_Organisms,Biosphere/Botanical/Structural/Root_System_Fibrous,Root System Fibrous,2,20,200,Component,Organic,1500.0,2,1.5,2,materials/organic/woody_tissue,2,organic_decay,
e1b2c3d4-c2cd-5923-9e80-a8d710e1e9ec,Biosphere_Living_Organisms,Biosphere/Botanical/Structural/Bark_Layer,Bark Layer,2,20,200,Component,Organic,1500.0,2,1.5,2,materials/organic/woody_tissue,2,organic_decay,
e1b2c3d4-c00b-58e0-839f-090a4dd38b1c,Biosphere_Living_Organisms,Biosphere/Botanical/Structural/Heartwood,Heartwood,2,20,200,Component,Organic,1500.0,2,1.5,2,materials/organic/woody_tissue,2,organic_decay,
e1b2c3d4-22e4-51f7-9cf9-e57eab2109d1,Biosphere_Living_Organisms,Biosphere/Botanical/Reproductive/Flower_Inflorescence,Flower Inflorescence,2,20,200,Component,Organic,1500.0,2,1.5,2,materials/organic/soft_plant_tissue,2,organic_decay,
e1b2c3d4-245c-566c-8f74-eb067ee58b1d,Biosphere_Living_Organisms,Biosphere/Botanical/Reproductive/Fruit_Body,Fruit Body,2,20,200,Component,Organic,1500.0,2,1.5,2,materials/organic/soft_plant_tissue,2,organic_decay,
e1b2c3d4-2e94-5061-88f3-3adc15b4fa5e,Biosphere_Living_Organisms,Biosphere/Botanical/Reproductive/Seed_Pod,Seed Pod,2,20,200,Component,Organic,1500.0,2,1.5,2,materials/organic/soft_plant_tissue,2,organic_decay,
e1b2c3d4-4a67-5fa0-b9cb-7c109eb507c0,Biosphere_Living_Organisms,Biosphere/Botanical/Reproductive/Pollen_Grain,Pollen Grain,0.5,5,50,SubComponent,Organic,40.0,0.4,0.3,0.3,materials/organic/soft_plant_tissue,2,organic_decay,
e1b2c3d4-5047-5d3e-9751-f587c3f8ae1d,Biosphere_Living_Organisms,Biosphere/Botanical/Reproductive/Cone_Strobilus,Cone Strobilus,2,20,200,Component,Organic,1500.0,2,1.5,2,materials/organic/woody_tissue,2,organic_decay,
e1b2c3d4-1e57-552f-83f2-62e86373a268,Biosphere_Living_Organisms,Biosphere/Botanical/Symbiotic/Lichen_Thallus,Lichen Thallus,2,20,200,Component,Organic,1500.0,2,1.5,2,materials/organic/animal_tissue_subsurface,2,organic_decay,
e1b2c3d4-f3ef-51cf-97bc-eb6988f28d87,Biosphere_Living_Organisms,Biosphere/Botanical/Symbiotic/Epiphyte_Colony,Epiphyte Colony,30,300,3000,Building,Organic,800000.0,40,40,40,materials/organic/animal_tissue_subsurface,2,organic_decay,
e1b2c3d4-cd54-5ecd-9b24-431793b4812a,Biosphere_Living_Organisms,Biosphere/Botanical/Symbiotic/Nitrogen_Fixing_Nodule,Nitrogen Fixing Nodule,0.5,5,50,SubComponent,Organic,40.0,0.4,0.3,0.3,materials/organic/animal_tissue_subsurface,2,organic_decay,
e1b2c3d4-e7de-51ce-ba9a-694436ff179d,Biosphere_Living_Organisms,Biosphere/Zoological/Vertebrate_Systems/Cardiovascular_System,Cardiovascular System,2,20,200,Component,Organic,1500.0,2,1.5,2,materials/organic/animal_tissue_subsurface,2,organic_decay,
e1b2c3d4-5384-5b1b-afa3-3383f87687e1,Biosphere_Living_Organisms,Biosphere/Zoological/Vertebrate_Systems/Nervous_System_CNS,Nervous System CNS,2,20,200,Component,Organic,1500.0,2,1.5,2,materials/organic/animal_tissue_subsurface,2,organic_decay,
e1b2c3d4-0a98-5e83-84be-f6accf242890,Biosphere_Living_Organisms,Biosphere/Zoological/Vertebrate_Systems/Respiratory_System,Respiratory System,2,20,200,Component,Organic,1500.0,2,1.5,2,materials/organic/animal_tissue_subsurface,2,organic_decay,
e1b2c3d4-787f-5900-a509-0a70fb9cfc1b,Biosphere_Living_Organisms,Biosphere/Zoological/Vertebrate_Systems/Digestive_Tract,Digestive Tract,2,20,200,Component,Organic,1500.0,2,1.5,2,materials/organic/animal_tissue_subsurface,2,organic_decay,
e1b2c3d4-784d-52e9-8408-0a74c9a4b352,Biosphere_Living_Organisms,Biosphere/Zoological/Invertebrate/Spider_Web_Structure,Spider Web Structure,2,20,200,Component,Organic,1500.0,2,1.5,2,materials/organic/animal_tissue_subsurface,2,organic_decay,
e1b2c3d4-877b-583c-835d-183634c2ebe8,Biosphere_Living_Organisms,Biosphere/Zoological/Invertebrate/Shell_Exoskeleton,Shell Exoskeleton,2,20,200,Component,Organic,1500.0,2,1.5,2,materials/organic/calcium_carbonate,2,organic_decay,
e1b2c3d4-5f3f-5fdc-ae91-a889a6eb54db,Biosphere_Living_Organisms,Biosphere/Zoological/Cellular/Cell_Nucleus,Cell Nucleus,0.5,5,50,SubComponent,Organic,40.0,0.4,0.3,0.3,materials/organic/lipid_bilayer_membrane,2,organic_decay,
e1b2c3d4-deb9-5c30-9494-41a5e9b2f5a6,Biosphere_Living_Organisms,Biosphere/Zoological/Cellular/Endoplasmic_Reticulum,Endoplasmic Reticulum,0.5,5,50,SubComponent,Organic,40.0,0.4,0.3,0.3,materials/organic/lipid_bilayer_membrane,2,organic_decay,
e1b2c3d4-3870-5362-b111-3fac3c4fc520,Biosphere_Living_Organisms,Biosphere/Zoological/Cellular/Golgi_Apparatus,Golgi Apparatus,0.5,5,50,SubComponent,Organic,40.0,0.4,0.3,0.3,materials/organic/lipid_bilayer_membrane,2,organic_decay,
e1b2c3d4-1994-5984-bbeb-c25ac1336b8a,Biosphere_Living_Organisms,Biosphere/Zoological/Cellular/Cell_Membrane,Cell Membrane,0.5,5,50,SubComponent,Organic,40.0,0.4,0.3,0.3,materials/organic/lipid_bilayer_membrane,2,organic_decay,
e1b2c3d4-e2e3-58fc-aee7-667071c44a64,Biosphere_Living_Organisms,Biosphere/Ecosystem_Units/Biome_Forest,Biome Forest,500,5000,50000,Regional,Organic,100000000000.0,4000,4000,2000,materials/organic/animal_tissue_subsurface,2,organic_decay,
e1b2c3d4-20e8-5f8a-a437-a0ff3ba37c3c,Biosphere_Living_Organisms,Biosphere/Ecosystem_Units/Biome_Grassland,Biome Grassland,500,5000,50000,Regional,Organic,100000000000.0,4000,4000,2000,materials/organic/animal_tissue_subsurface,2,organic_decay,
e1b2c3d4-6e7c-5723-b7db-bf6831693f4f,Biosphere_Living_Organisms,Biosphere/Ecosystem_Units/Biome_Desert,Biome Desert,500,5000,50000,Regional,Organic,100000000000.0,4000,4000,2000,materials/organic/animal_tissue_subsurface,2,organic_decay,
e1b2c3d4-5ba7-54ee-a9c4-c2d21819033d,Biosphere_Living_Organisms,Biosphere/Ecosystem_Units/Biome_Tundra,Biome Tundra,500,5000,50000,Regional,Organic,100000000000.0,4000,4000,2000,materials/organic/animal_tissue_subsurface,2,organic_decay,
e1b2c3d4-e313-5236-b58d-a721043a599d,Biosphere_Living_Organisms,Biosphere/Ecosystem_Units/Biome_Marine_Pelagic,Biome Marine Pelagic,500,5000,50000,Regional,Organic,100000000000.0,4000,4000,2000,materials/organic/animal_tissue_subsurface,2,organic_decay,
e1b2c3d4-7301-553f-a504-c76abfa4dc60,Biosphere_Living_Organisms,Biosphere/Ecosystem_Units/Biome_Freshwater_Wetland,Biome Freshwater Wetland,500,5000,50000,Regional,Organic,100000000000.0,4000,4000,2000,materials/organic/animal_tissue_subsurface,2,organic_decay,
e1b2c3d4-6ecc-5b7f-be2f-46a54cc3e464,Biosphere_Living_Organisms,Biosphere/Ecosystem_Units/Biome_Coral_Reef,Biome Coral Reef,500,5000,50000,Regional,Organic,100000000000.0,4000,4000,2000,materials/organic/calcium_carbonate,2,organic_decay,
c1b2c3d4-2aeb-54e4-89ac-10d09d42d09b,Commercial_Institutional_Residential,Buildings/Consumer_Furnishings/Seating/Sofa_Couch,Sofa Couch,1,10,100,Component,Dynamic,55,2.0,0.9,0.9,materials/furnishing/upholstery_fabric,1,fabric_tear_foam,
c1b2c3d4-343c-51ae-910d-ea6cc82814db,Commercial_Institutional_Residential,Buildings/Consumer_Furnishings/Seating/Sectional_Sofa,Sectional Sofa,1,10,100,Component,Dynamic,110,2.8,0.9,1.8,materials/furnishing/upholstery_fabric,1,fabric_tear_foam,
c1b2c3d4-f44e-5757-b374-68ecfa169506,Commercial_Institutional_Residential,Buildings/Consumer_Furnishings/Seating/Loveseat,Loveseat,1,10,100,Component,Dynamic,40,1.5,0.9,0.9,materials/furnishing/upholstery_fabric,1,fabric_tear_foam,
c1b2c3d4-1993-59db-84e3-4975fb2ba3f3,Commercial_Institutional_Residential,Buildings/Consumer_Furnishings/Seating/Recliner,Recliner,1,10,100,Component,Animated,45,0.9,1.1,1.0,materials/furnishing/upholstery_leather,1,fabric_tear_foam,
c1b2c3d4-8a2f-5bea-976e-b0614f56601e,Commercial_Institutional_Residential,Buildings/Consumer_Furnishings/Seating/Armchair,Armchair,1,10,100,Component,Dynamic,30,0.9,0.9,0.9,materials/furnishing/upholstery_fabric,1,fabric_tear_foam,
c1b2c3d4-3218-5572-9fc4-f6b57952e0df,Commercial_Institutional_Residential,Buildings/Consumer_Furnishings/Seating/Accent_Chair,Accent Chair,1,10,100,Component,Dynamic,12,0.7,0.8,0.7,materials/furnishing/upholstery_fabric,1,fabric_tear_foam,
c1b2c3d4-96e7-5360-aa26-d0ebadf47a67,Commercial_Institutional_Residential,Buildings/Consumer_Furnishings/Seating/Dining_Chair,Dining Chair,1,10,100,Component,Dynamic,6,0.5,0.9,0.5,materials/furnishing/wood_finished,1,wood_splinter,
c1b2c3d4-e5cd-5286-bef7-8c916ceec5a8,Commercial_Institutional_Residential,Buildings/Consumer_Furnishings/Seating/Office_Chair,Office Chair,1,10,100,Component,Animated,14,0.6,1.1,0.6,materials/furnishing/mesh_plastic_metal,1,metal_deform,
c1b2c3d4-2f17-58f1-9cec-0c7de7bb402b,Commercial_Institutional_Residential,Buildings/Consumer_Furnishings/Seating/Bar_Stool,Bar Stool,1,10,100,Component,Dynamic,7,0.4,0.75,0.4,materials/furnishing/wood_metal,1,metal_deform,
c1b2c3d4-4df0-5928-ac1a-9e79c0dd2b18,Commercial_Institutional_Residential,Buildings/Consumer_Furnishings/Seating/Bean_Bag,Bean Bag,1,10,100,Component,Dynamic,4,0.9,0.7,0.9,materials/furnishing/vinyl_bead_fill,1,fabric_tear_foam,
c1b2c3d4-f97b-5866-9cf9-a64966952f88,Commercial_Institutional_Residential,Buildings/Consumer_Furnishings/Seating/Ottoman_Footstool,Ottoman Footstool,1,10,100,Component,Dynamic,8,0.6,0.4,0.6,materials/furnishing/upholstery_fabric,1,fabric_tear_foam,
c1b2c3d4-be0b-5b74-b0e3-62a84930fe8a,Commercial_Institutional_Residential,Buildings/Consumer_Furnishings/Seating/Bench,Bench,1,10,100,Component,Dynamic,15,1.2,0.45,0.4,materials/furnishing/wood_finished,1,wood_splinter,
c1b2c3d4-ad99-5a33-a916-07386ddc8fed,Commercial_Institutional_Residential,Buildings/Consumer_Furnishings/Tables_Surfaces/Coffee_Table,Coffee Table,1,10,100,Component,Dynamic,18,1.1,0.45,0.6,materials/furnishing/wood_glass_top,1,wood_splinter,
c1b2c3d4-507b-50c9-8621-235b50984ac1,Commercial_Institutional_Residential,Buildings/Consumer_Furnishings/Tables_Surfaces/Side_End_Table,Side End Table,1,10,100,Component,Dynamic,9,0.5,0.6,0.5,materials/furnishing/wood_finished,1,wood_splinter,
c1b2c3d4-d1e5-5b49-b0cf-88cc137a79fb,Commercial_Institutional_Residential,Buildings/Consumer_Furnishings/Tables_Surfaces/Dining_Table,Dining Table,1,10,100,Component,Dynamic,35,1.8,0.75,0.9,materials/furnishing/wood_finished,1,wood_splinter,
c1b2c3d4-14e0-5991-9ae6-2fe78d63cc49,Commercial_Institutional_Residential,Buildings/Consumer_Furnishings/Tables_Surfaces/Console_Table,Console Table,1,10,100,Component,Dynamic,20,1.2,0.8,0.35,materials/furnishing/wood_finished,2,wood_splinter,
c1b2c3d4-c065-57ad-b7e9-ad864fbd6f9f,Commercial_Institutional_Residential,Buildings/Consumer_Furnishings/Tables_Surfaces/Desk,Desk,1,10,100,Component,Dynamic,30,1.4,0.75,0.7,materials/furnishing/wood_laminate,1,wood_splinter,
c1b2c3d4-06e8-52e5-9aaa-12d80d8d8743,Commercial_Institutional_Residential,Buildings/Consumer_Furnishings/Tables_Surfaces/Nightstand,Nightstand,1,10,100,Component,Dynamic,12,0.45,0.6,0.4,materials/furnishing/wood_finished,1,wood_splinter,
c1b2c3d4-f7f8-5e75-b9fa-070e45f5b07a,Commercial_Institutional_Residential,Buildings/Consumer_Furnishings/Tables_Surfaces/Dressing_Table,Dressing Table,1,10,100,Component,Dynamic,22,1.0,0.75,0.45,materials/furnishing/wood_finished_mirror,1,wood_splinter,
c1b2c3d4-664a-517b-ba5c-0cdd257350aa,Commercial_Institutional_Residential,Buildings/Consumer_Furnishings/Tables_Surfaces/Kitchen_Island_Furniture,Kitchen Island Furniture,1,10,100,Component,Static,90,1.5,0.9,0.7,materials/furnishing/wood_stone_top,1,wood_splinter,
c1b2c3d4-82ea-56d9-8ef3-512d72d5931d,Commercial_Institutional_Residential,Buildings/Consumer_Furnishings/Storage_Casegoods/Bookshelf,Bookshelf,1,10,100,Component,Static,35,0.8,1.8,0.3,materials/furnishing/wood_laminate,2,wood_splinter,
c1b2c3d4-4d3a-573f-bbc9-b6aeccf32480,Commercial_Institutional_Residential,Buildings/Consumer_Furnishings/Storage_Casegoods/Wardrobe_Armoire,Wardrobe Armoire,1,10,100,Component,Static,70,1.2,2.0,0.6,materials/furnishing/wood_finished,2,wood_splinter,
c1b2c3d4-046d-5dcd-9a89-0c51a38fb87f,Commercial_Institutional_Residential,Buildings/Consumer_Furnishings/Storage_Casegoods/Dresser_Drawers,Dresser Drawers,1,10,100,Component,Dynamic,45,1.0,0.9,0.5,materials/furnishing/wood_finished,1,wood_splinter,
c1b2c3d4-eaee-5d32-baa0-28dad04d020c,Commercial_Institutional_Residential,Buildings/Consumer_Furnishings/Storage_Casegoods/Sideboard_Buffet,Sideboard Buffet,1,10,100,Component,Static,50,1.6,0.85,0.45,materials/furnishing/wood_finished,1,wood_splinter,
c1b2c3d4-2a82-5a68-ab3b-20a657fd9088,Commercial_Institutional_Residential,Buildings/Consumer_Furnishings/Storage_Casegoods/TV_Media_Console,TV Media Console,1,10,100,Component,Static,30,1.6,0.5,0.4,materials/furnishing/wood_laminate,1,wood_splinter,
c1b2c3d4-d394-5663-a95a-1429f2c1e2d3,Commercial_Institutional_Residential,Buildings/Consumer_Furnishings/Storage_Casegoods/Filing_Cabinet,Filing Cabinet,1,10,100,Component,Dynamic,28,0.45,1.3,0.6,materials/furnishing/steel_painted,1,metal_deform,
c1b2c3d4-984d-5cdf-9cfc-85874f24c79d,Commercial_Institutional_Residential,Buildings/Consumer_Furnishings/Storage_Casegoods/Display_Cabinet,Display Cabinet,1,10,100,Component,Static,40,0.9,1.8,0.4,materials/furnishing/wood_glass_front,2,glass_shatter,
c1b2c3d4-f74e-521d-bc95-15581714a727,Commercial_Institutional_Residential,Buildings/Consumer_Furnishings/Storage_Casegoods/Coat_Rack,Coat Rack,1,10,100,Component,Dynamic,5,0.5,1.7,0.5,materials/furnishing/wood_metal,1,metal_deform,
c1b2c3d4-9b4f-545a-9f4e-00f68d6f76cd,Commercial_Institutional_Residential,Buildings/Consumer_Furnishings/Storage_Casegoods/Shoe_Rack,Shoe Rack,1,10,100,Component,Dynamic,6,0.7,0.8,0.3,materials/furnishing/metal_wire,1,metal_deform,
c1b2c3d4-3be8-5fe7-a98a-fc01879b0054,Commercial_Institutional_Residential,Buildings/Consumer_Furnishings/Storage_Casegoods/Storage_Bin_Basket,Storage Bin Basket,1,10,100,SubComponent,Dynamic,2,0.4,0.35,0.4,materials/furnishing/woven_plastic,2,fabric_tear_foam,
c1b2c3d4-331f-5e10-96ec-7c22a29ceb5e,Commercial_Institutional_Residential,Buildings/Consumer_Furnishings/Sleeping/Bed_Frame,Bed Frame,1,10,100,Component,Static,50,2.0,0.5,1.6,materials/furnishing/wood_metal,1,wood_splinter,
c1b2c3d4-9f1b-59bb-8e9d-5edaa3d2392c,Commercial_Institutional_Residential,Buildings/Consumer_Furnishings/Sleeping/Mattress,Mattress,1,10,100,Component,Dynamic,30,2.0,0.3,1.6,materials/furnishing/mattress_foam_fabric,1,fabric_tear_foam,
c1b2c3d4-13f7-5d4a-9979-bffdb2c5ed51,Commercial_Institutional_Residential,Buildings/Consumer_Furnishings/Sleeping/Bunk_Bed,Bunk Bed,1,10,100,Component,Static,80,2.0,1.7,1.0,materials/furnishing/wood_metal,1,wood_splinter,
c1b2c3d4-e1c5-5b73-84ab-c1ffa68f2edc,Commercial_Institutional_Residential,Buildings/Consumer_Furnishings/Sleeping/Crib,Crib,1,10,100,Component,Static,25,1.4,1.0,0.75,materials/furnishing/wood_finished,1,wood_splinter,
c1b2c3d4-7cfb-59a9-ae48-1629206159be,Commercial_Institutional_Residential,Buildings/Consumer_Furnishings/Sleeping/Headboard,Headboard,1,10,100,Component,Static,18,1.6,1.2,0.1,materials/furnishing/upholstery_wood,2,wood_splinter,
c1b2c3d4-0985-5387-8be5-b136a9a3068c,Commercial_Institutional_Residential,Buildings/Consumer_Furnishings/Lighting_Fixtures/Floor_Lamp,Floor Lamp,1,10,100,Component,Dynamic,6,0.4,1.6,0.4,materials/furnishing/metal_shade_fabric,2,metal_deform,
c1b2c3d4-5fa0-5593-8937-3258a83ee069,Commercial_Institutional_Residential,Buildings/Consumer_Furnishings/Lighting_Fixtures/Table_Lamp,Table Lamp,1,10,100,SubComponent,Dynamic,2.5,0.35,0.55,0.35,materials/furnishing/ceramic_shade_fabric,2,ceramic_shatter,
c1b2c3d4-b13a-59cd-bb06-a3b376fb33db,Commercial_Institutional_Residential,Buildings/Consumer_Furnishings/Lighting_Fixtures/Desk_Lamp,Desk Lamp,1,10,100,SubComponent,Animated,1.5,0.2,0.5,0.2,materials/furnishing/metal_plastic,2,metal_deform,
c1b2c3d4-c058-55f8-b228-188e72211cfc,Commercial_Institutional_Residential,Buildings/Consumer_Furnishings/Lighting_Fixtures/Pendant_Light_Residential,Pendant Light Residential,1,10,100,SubComponent,Static,3,0.4,0.5,0.4,materials/furnishing/metal_glass_shade,2,glass_shatter,
c1b2c3d4-7796-541a-96c7-32af43241ac9,Commercial_Institutional_Residential,Buildings/Consumer_Furnishings/Lighting_Fixtures/Chandelier,Chandelier,1,10,100,Component,Static,15,0.9,0.8,0.9,materials/furnishing/metal_crystal,2,glass_shatter,
c1b2c3d4-8d59-5fd2-a517-cd429543bc8f,Commercial_Institutional_Residential,Buildings/Consumer_Furnishings/Lighting_Fixtures/Ceiling_Flush_Mount,Ceiling Flush Mount,1,10,100,SubComponent,Static,2,0.4,0.15,0.4,materials/furnishing/glass_metal_diffuser,2,glass_shatter,
c1b2c3d4-0533-5bbb-a6ec-8c78b590939b,Commercial_Institutional_Residential,Buildings/Consumer_Furnishings/Lighting_Fixtures/Wall_Sconce,Wall Sconce,1,10,100,SubComponent,Static,1.5,0.2,0.3,0.15,materials/furnishing/metal_glass_shade,2,glass_shatter,
c1b2c3d4-2360-5256-8911-88833b90256a,Commercial_Institutional_Residential,Buildings/Consumer_Furnishings/Lighting_Fixtures/Track_Lighting,Track Lighting,1,10,100,Component,Static,4,1.2,0.12,0.1,materials/furnishing/metal_track_fixtures,2,metal_deform,
c1b2c3d4-89dd-5222-8d48-2701c4d5640b,Commercial_Institutional_Residential,Buildings/Consumer_Furnishings/Lighting_Fixtures/String_Lights,String Lights,1,10,100,SubComponent,Static,0.3,3.0,0.05,0.05,materials/furnishing/wire_led_bulbs,2,screen_shatter_board,
c1b2c3d4-db76-5a1c-a571-193396e1c772,Commercial_Institutional_Residential,Buildings/Consumer_Furnishings/Lighting_Fixtures/LED_Strip,LED Strip,1,10,100,SubComponent,Static,0.1,2.0,0.02,0.01,materials/furnishing/adhesive_led_strip,2,screen_shatter_board,
c1b2c3d4-924f-53de-8351-8f78acb35228,Commercial_Institutional_Residential,Buildings/Consumer_Furnishings/Soft_Goods_Textiles/Area_Rug,Area Rug,1,10,100,Component,Static,8,2.4,0.02,1.6,materials/furnishing/woven_textile,1,fabric_tear_foam,
c1b2c3d4-64ad-5ef4-82a5-ab4bdb58b9d2,Commercial_Institutional_Residential,Buildings/Consumer_Furnishings/Soft_Goods_Textiles/Runner_Rug,Runner Rug,1,10,100,Component,Static,3,2.5,0.02,0.7,materials/furnishing/woven_textile,1,fabric_tear_foam,
c1b2c3d4-7acb-5189-a256-c524d3a0c9db,Commercial_Institutional_Residential,Buildings/Consumer_Furnishings/Soft_Goods_Textiles/Curtain_Drapes,Curtain Drapes,1,10,100,Component,Dynamic,3,1.5,2.4,0.05,materials/furnishing/drapery_fabric,1,fabric_tear_foam,
c1b2c3d4-153a-5603-89a3-495de026ea8c,Commercial_Institutional_Residential,Buildings/Consumer_Furnishings/Soft_Goods_Textiles/Throw_Blanket,Throw Blanket,1,10,100,SubComponent,Dynamic,1.5,1.5,0.05,1.2,materials/furnishing/knit_fabric,1,fabric_tear_foam,
c1b2c3d4-0273-5c73-82ee-a07d7c54de7f,Commercial_Institutional_Residential,Buildings/Consumer_Furnishings/Soft_Goods_Textiles/Throw_Pillow,Throw Pillow,1,10,100,SubComponent,Dynamic,0.8,0.45,0.15,0.45,materials/furnishing/cushion_fabric,1,fabric_tear_foam,
c1b2c3d4-e20d-5f86-9288-73cc013a51e4,Commercial_Institutional_Residential,Buildings/Consumer_Furnishings/Soft_Goods_Textiles/Bed_Linens,Bed Linens,1,10,100,SubComponent,Dynamic,2,2.0,0.1,1.6,materials/furnishing/cotton_bedding,1,fabric_tear_foam,
c1b2c3d4-535a-59dd-a1f0-62bee8bed545,Commercial_Institutional_Residential,Buildings/Consumer_Furnishings/Soft_Goods_Textiles/Towel,Towel,1,10,100,SubComponent,Dynamic,0.4,0.7,0.02,0.4,materials/furnishing/terry_cloth,1,fabric_tear_foam,
c1b2c3d4-ed00-5a9e-9721-a0cb15af6877,Commercial_Institutional_Residential,Buildings/Consumer_Furnishings/Soft_Goods_Textiles/Tablecloth,Tablecloth,1,10,100,SubComponent,Dynamic,0.6,1.8,0.02,0.9,materials/furnishing/table_linen,1,fabric_tear_foam,
c1b2c3d4-f117-5c5d-9967-1ee6e676e6a5,Commercial_Institutional_Residential,Buildings/Consumer_Furnishings/Appliances_Major/Refrigerator,Refrigerator,3,30,300,Room,Dynamic,90,0.9,1.8,0.75,materials/furnishing/steel_enamel,2,panel_crumple,
c1b2c3d4-a718-5b4b-80f4-e65c7b005592,Commercial_Institutional_Residential,Buildings/Consumer_Furnishings/Appliances_Major/Mini_Fridge,Mini Fridge,1,10,100,Component,Dynamic,25,0.5,0.85,0.5,materials/furnishing/steel_enamel,2,panel_crumple,
c1b2c3d4-7914-5c56-8f0d-9f29b0f2d5b1,Commercial_Institutional_Residential,Buildings/Consumer_Furnishings/Appliances_Major/Oven_Range,Oven Range,3,30,300,Room,Dynamic,70,0.76,0.9,0.7,materials/furnishing/steel_enamel,3,panel_crumple,
c1b2c3d4-aee3-5384-a5af-8450ef606cea,Commercial_Institutional_Residential,Buildings/Consumer_Furnishings/Appliances_Major/Cooktop,Cooktop,1,10,100,Component,Dynamic,15,0.6,0.1,0.5,materials/furnishing/glass_ceramic_steel,2,glass_shatter,
c1b2c3d4-cc6b-5617-b21c-03135830255f,Commercial_Institutional_Residential,Buildings/Consumer_Furnishings/Appliances_Major/Microwave,Microwave,1,10,100,Component,Dynamic,15,0.5,0.3,0.4,materials/furnishing/steel_plastic,2,panel_crumple,
c1b2c3d4-874a-562d-94fe-405097bf96b2,Commercial_Institutional_Residential,Buildings/Consumer_Furnishings/Appliances_Major/Dishwasher,Dishwasher,1,10,100,Component,Dynamic,45,0.6,0.85,0.6,materials/furnishing/steel_enamel,3,panel_crumple,
c1b2c3d4-76d4-5f05-a6cf-b7f5501be84a,Commercial_Institutional_Residential,Buildings/Consumer_Furnishings/Appliances_Major/Washing_Machine,Washing Machine,1,10,100,Component,Dynamic,70,0.6,0.85,0.6,materials/furnishing/steel_enamel,3,panel_crumple,
c1b2c3d4-0e32-5c47-b5d7-0c5723392434,Commercial_Institutional_Residential,Buildings/Consumer_Furnishings/Appliances_Major/Clothes_Dryer,Clothes Dryer,1,10,100,Component,Dynamic,40,0.6,0.85,0.6,materials/furnishing/steel_enamel,2,panel_crumple,
c1b2c3d4-f2bb-5f83-b8ac-40d0427fca3b,Commercial_Institutional_Residential,Buildings/Consumer_Furnishings/Appliances_Major/Range_Hood_Residential,Range Hood Residential,1,10,100,Component,Dynamic,12,0.9,0.4,0.5,materials/furnishing/steel_brushed,3,metal_deform,
c1b2c3d4-b1ad-5d70-b894-91f26847ca3a,Commercial_Institutional_Residential,Buildings/Consumer_Furnishings/Appliances_Major/Water_Heater_Tank,Water Heater Tank,1,10,100,Component,Static,60,0.55,1.5,0.55,materials/furnishing/steel_insulated,2,panel_crumple,
c1b2c3d4-aca8-5be4-89d9-651e6391e209,Commercial_Institutional_Residential,Buildings/Consumer_Furnishings/Appliances_Small/Toaster,Toaster,1,10,100,SubComponent,Dynamic,1.5,0.3,0.2,0.18,materials/furnishing/steel_plastic,2,panel_crumple,
c1b2c3d4-0119-51fb-b4b5-faa52d667ce7,Commercial_Institutional_Residential,Buildings/Consumer_Furnishings/Appliances_Small/Coffee_Maker,Coffee Maker,1,10,100,SubComponent,Dynamic,3,0.25,0.35,0.2,materials/furnishing/plastic_steel,3,panel_crumple,
c1b2c3d4-22e4-5a63-9c69-f1a7c5c92424,Commercial_Institutional_Residential,Buildings/Consumer_Furnishings/Appliances_Small/Electric_Kettle,Electric Kettle,1,10,100,SubComponent,Dynamic,1,0.2,0.25,0.16,materials/furnishing/steel_plastic,2,panel_crumple,
c1b2c3d4-b45c-5081-b6d7-a7e8be30dd35,Commercial_Institutional_Residential,Buildings/Consumer_Furnishings/Appliances_Small/Blender,Blender,1,10,100,SubComponent,Dynamic,2,0.18,0.4,0.18,materials/furnishing/plastic_glass,2,glass_shatter,
c1b2c3d4-a863-59d3-9ead-8938475410dd,Commercial_Institutional_Residential,Buildings/Consumer_Furnishings/Appliances_Small/Food_Processor,Food Processor,1,10,100,SubComponent,Dynamic,3,0.22,0.4,0.22,materials/furnishing/plastic_steel,2,panel_crumple,
c1b2c3d4-1c80-5446-894b-df3334eee82b,Commercial_Institutional_Residential,Buildings/Consumer_Furnishings/Appliances_Small/Stand_Mixer,Stand Mixer,1,10,100,SubComponent,Animated,5,0.35,0.35,0.22,materials/furnishing/cast_metal_enamel,2,metal_deform,
c1b2c3d4-4b39-5652-9cff-be0a44e22d7f,Commercial_Institutional_Residential,Buildings/Consumer_Furnishings/Appliances_Small/Air_Fryer,Air Fryer,1,10,100,SubComponent,Dynamic,4,0.3,0.35,0.3,materials/furnishing/plastic_steel,2,panel_crumple,
c1b2c3d4-6213-5386-aac3-c45a178715b4,Commercial_Institutional_Residential,Buildings/Consumer_Furnishings/Appliances_Small/Rice_Cooker,Rice Cooker,1,10,100,SubComponent,Dynamic,2.5,0.28,0.25,0.28,materials/furnishing/plastic_steel,2,panel_crumple,
c1b2c3d4-9d4b-5867-bbbe-237d11827d1d,Commercial_Institutional_Residential,Buildings/Consumer_Furnishings/Appliances_Small/Vacuum_Cleaner,Vacuum Cleaner,1,10,100,Component,Dynamic,6,0.3,1.1,0.3,materials/furnishing/plastic_composite,2,panel_crumple,
c1b2c3d4-5b58-5d57-9574-b542b85e2c01,Commercial_Institutional_Residential,Buildings/Consumer_Furnishings/Appliances_Small/Space_Heater,Space Heater,1,10,100,SubComponent,Dynamic,3,0.3,0.4,0.2,materials/furnishing/plastic_metal,2,panel_crumple,
c1b2c3d4-c37f-57f4-9d49-373a8008dd2f,Commercial_Institutional_Residential,Buildings/Consumer_Furnishings/Appliances_Small/Fan_Portable,Fan Portable,1,10,100,SubComponent,Animated,3,0.4,0.5,0.25,materials/furnishing/plastic_metal,2,panel_crumple,
c1b2c3d4-5b4f-5aee-851b-eb3255ea7052,Commercial_Institutional_Residential,Buildings/Consumer_Furnishings/Appliances_Small/Air_Purifier,Air Purifier,1,10,100,SubComponent,Dynamic,5,0.35,0.55,0.2,materials/furnishing/plastic_composite,2,panel_crumple,
c1b2c3d4-c66e-5d46-b857-0355588e02bb,Commercial_Institutional_Residential,Buildings/Consumer_Furnishings/Appliances_Small/Humidifier,Humidifier,1,10,100,SubComponent,Dynamic,3,0.25,0.35,0.25,materials/furnishing/plastic_composite,3,panel_crumple,
c1b2c3d4-878c-5618-ab23-f0b7949333e6,Commercial_Institutional_Residential,Buildings/Consumer_Furnishings/Electronics_Entertainment/Television,Television,1,10,100,Component,Dynamic,15,1.2,0.7,0.08,materials/furnishing/glass_plastic_panel,4,screen_shatter_board,
c1b2c3d4-7ad2-5ef7-8df2-be78015c44bd,Commercial_Institutional_Residential,Buildings/Consumer_Furnishings/Electronics_Entertainment/Computer_Monitor,Computer Monitor,1,10,100,SubComponent,Dynamic,4,0.6,0.4,0.05,materials/furnishing/glass_plastic_panel,3,screen_shatter_board,
c1b2c3d4-ae29-5257-a163-d7c6228f5f42,Commercial_Institutional_Residential,Buildings/Consumer_Furnishings/Electronics_Entertainment/Desktop_Computer,Desktop Computer,1,10,100,SubComponent,Dynamic,8,0.2,0.45,0.45,materials/furnishing/steel_plastic_case,3,screen_shatter_board,
c1b2c3d4-7a10-5eec-bb6c-c973b2641542,Commercial_Institutional_Residential,Buildings/Consumer_Furnishings/Electronics_Entertainment/Laptop,Laptop,1,10,100,SubComponent,Dynamic,1.5,0.35,0.02,0.25,materials/furnishing/aluminum_plastic,3,screen_shatter_board,
c1b2c3d4-b0d4-54f6-b8b6-e60b1c697480,Commercial_Institutional_Residential,Buildings/Consumer_Furnishings/Electronics_Entertainment/Game_Console,Game Console,1,10,100,SubComponent,Dynamic,3,0.3,0.08,0.25,materials/furnishing/plastic_composite,4,screen_shatter_board,
c1b2c3d4-2979-5f79-a958-26c697fabeeb,Commercial_Institutional_Residential,Buildings/Consumer_Furnishings/Electronics_Entertainment/Speaker_System,Speaker System,1,10,100,SubComponent,Dynamic,5,0.25,0.4,0.25,materials/furnishing/wood_fabric_grille,3,wood_splinter,
c1b2c3d4-16db-54d2-a563-421417afa7e2,Commercial_Institutional_Residential,Buildings/Consumer_Furnishings/Electronics_Entertainment/Soundbar,Soundbar,1,10,100,SubComponent,Dynamic,3,1.0,0.08,0.1,materials/furnishing/plastic_fabric_grille,3,screen_shatter_board,
c1b2c3d4-0ff1-5cb2-8644-e3b365856cbf,Commercial_Institutional_Residential,Buildings/Consumer_Furnishings/Electronics_Entertainment/Router_Modem,Router Modem,1,10,100,SubComponent,Static,0.5,0.2,0.15,0.15,materials/furnishing/plastic_case,3,screen_shatter_board,
c1b2c3d4-8450-5ee8-a0ee-0af3ec9ab085,Commercial_Institutional_Residential,Buildings/Consumer_Furnishings/Electronics_Entertainment/Tablet_Device,Tablet Device,1,10,100,SubComponent,Dynamic,0.5,0.25,0.01,0.17,materials/furnishing/glass_aluminum,2,screen_shatter_board,
c1b2c3d4-515c-5835-8073-bfbce71a79a7,Commercial_Institutional_Residential,Buildings/Consumer_Furnishings/Electronics_Entertainment/Smart_Speaker,Smart Speaker,1,10,100,SubComponent,Static,1,0.1,0.18,0.1,materials/furnishing/plastic_fabric,3,screen_shatter_board,
c1b2c3d4-f5d7-533a-9943-086783e66bc5,Commercial_Institutional_Residential,Buildings/Consumer_Furnishings/Electronics_Entertainment/Projector,Projector,1,10,100,SubComponent,Dynamic,3,0.3,0.12,0.25,materials/furnishing/plastic_case,4,screen_shatter_board,
c1b2c3d4-683b-5820-8fd8-7a3ceab158cf,Commercial_Institutional_Residential,Buildings/Consumer_Furnishings/Electronics_Entertainment/Turntable_Stereo,Turntable Stereo,1,10,100,SubComponent,Animated,5,0.45,0.15,0.35,materials/furnishing/wood_plastic_metal,3,screen_shatter_board,
c1b2c3d4-15bc-5635-9c56-fedc2f7cd788,Commercial_Institutional_Residential,Buildings/Consumer_Furnishings/Kitchen_Tableware/Dinner_Plate,Dinner Plate,1,10,100,SubComponent,Dynamic,0.5,0.27,0.03,0.27,materials/furnishing/ceramic_glazed,1,ceramic_shatter,
c1b2c3d4-1ec2-53f5-a9f8-cd9b951da543,Commercial_Institutional_Residential,Buildings/Consumer_Furnishings/Kitchen_Tableware/Bowl,Bowl,1,10,100,SubComponent,Dynamic,0.4,0.18,0.08,0.18,materials/furnishing/ceramic_glazed,1,ceramic_shatter,
c1b2c3d4-4839-5403-9a50-cb571601d819,Commercial_Institutional_Residential,Buildings/Consumer_Furnishings/Kitchen_Tableware/Drinking_Glass,Drinking Glass,1,10,100,SubComponent,Dynamic,0.3,0.08,0.14,0.08,materials/furnishing/glass_clear,1,glass_shatter,
c1b2c3d4-fb42-518c-a555-07b6d397f23d,Commercial_Institutional_Residential,Buildings/Consumer_Furnishings/Kitchen_Tableware/Mug,Mug,1,10,100,SubComponent,Dynamic,0.35,0.12,0.1,0.09,materials/furnishing/ceramic_glazed,1,ceramic_shatter,
c1b2c3d4-1458-5399-ad5b-e64ecc50078b,Commercial_Institutional_Residential,Buildings/Consumer_Furnishings/Kitchen_Tableware/Cutlery_Set,Cutlery Set,1,10,100,SubComponent,Dynamic,1,0.3,0.05,0.2,materials/furnishing/stainless_steel,1,metal_deform,
c1b2c3d4-abc9-50dd-9593-a399fbe767d4,Commercial_Institutional_Residential,Buildings/Consumer_Furnishings/Kitchen_Tableware/Cooking_Pot,Cooking Pot,1,10,100,SubComponent,Dynamic,2,0.25,0.18,0.25,materials/furnishing/stainless_steel,1,metal_deform,
c1b2c3d4-d215-5059-81db-50b248d4131d,Commercial_Institutional_Residential,Buildings/Consumer_Furnishings/Kitchen_Tableware/Frying_Pan,Frying Pan,1,10,100,SubComponent,Dynamic,1.2,0.45,0.06,0.28,materials/furnishing/cast_iron_nonstick,1,metal_deform,
c1b2c3d4-1e4b-5834-bcee-94852b458a25,Commercial_Institutional_Residential,Buildings/Consumer_Furnishings/Kitchen_Tableware/Cutting_Board,Cutting Board,1,10,100,SubComponent,Dynamic,0.8,0.4,0.03,0.28,materials/furnishing/wood_bamboo,1,wood_splinter,
c1b2c3d4-5d10-5224-8d34-743a3adc9b96,Commercial_Institutional_Residential,Buildings/Consumer_Furnishings/Kitchen_Tableware/Knife_Block,Knife Block,1,10,100,SubComponent,Static,1.5,0.15,0.25,0.1,materials/furnishing/wood_steel_blades,1,wood_splinter,
c1b2c3d4-0c14-5a59-8789-440390f95a16,Commercial_Institutional_Residential,Buildings/Consumer_Furnishings/Kitchen_Tableware/Water_Pitcher,Water Pitcher,1,10,100,SubComponent,Dynamic,0.6,0.14,0.25,0.14,materials/furnishing/glass_plastic,1,glass_shatter,
c1b2c3d4-5465-59c2-89ca-2cea1546d1f9,Commercial_Institutional_Residential,Buildings/Consumer_Furnishings/Kitchen_Tableware/Wine_Glass,Wine Glass,1,10,100,SubComponent,Dynamic,0.2,0.08,0.2,0.08,materials/furnishing/glass_thin,1,glass_shatter,
c1b2c3d4-d5e3-5c05-b0a2-01625961eb91,Commercial_Institutional_Residential,Buildings/Consumer_Furnishings/Kitchen_Tableware/Serving_Tray,Serving Tray,1,10,100,SubComponent,Dynamic,0.7,0.45,0.04,0.3,materials/furnishing/wood_metal,1,wood_splinter,
c1b2c3d4-7d4e-5baf-a3e4-bfdba0633b01,Commercial_Institutional_Residential,Buildings/Consumer_Furnishings/Decor_Accessories/Framed_Picture,Framed Picture,1,10,100,SubComponent,Static,1,0.4,0.5,0.03,materials/furnishing/wood_frame_glass,1,glass_shatter,
c1b2c3d4-f03a-504e-9517-770fb1bad57a,Commercial_Institutional_Residential,Buildings/Consumer_Furnishings/Decor_Accessories/Wall_Art_Canvas,Wall Art Canvas,1,10,100,SubComponent,Static,1.5,0.8,0.6,0.04,materials/furnishing/canvas_wood_frame,1,paper_tear,
c1b2c3d4-41f4-5906-b90b-9859d4d61bc2,Commercial_Institutional_Residential,Buildings/Consumer_Furnishings/Decor_Accessories/Wall_Mirror,Wall Mirror,1,10,100,Component,Static,5,0.6,0.9,0.03,materials/furnishing/mirror_glass_frame,1,glass_shatter,
c1b2c3d4-edbd-5163-9c1a-1d893ef23580,Commercial_Institutional_Residential,Buildings/Consumer_Furnishings/Decor_Accessories/Vase,Vase,1,10,100,SubComponent,Dynamic,1,0.15,0.3,0.15,materials/furnishing/ceramic_glazed,1,ceramic_shatter,
c1b2c3d4-8ddb-57b7-bb91-547b60ef35b2,Commercial_Institutional_Residential,Buildings/Consumer_Furnishings/Decor_Accessories/Potted_Plant_Live,Potted Plant Live,1,10,100,Component,Organic,6,0.4,0.9,0.4,materials/furnishing/foliage_soil_ceramic,1,organic_decay,
c1b2c3d4-4b48-552c-ade7-8d032f0ba7de,Commercial_Institutional_Residential,Buildings/Consumer_Furnishings/Decor_Accessories/Artificial_Plant,Artificial Plant,1,10,100,Component,Static,3,0.4,0.9,0.4,materials/furnishing/plastic_foliage,1,fabric_tear_foam,
c1b2c3d4-c260-583d-a6e7-27e6c6fab904,Commercial_Institutional_Residential,Buildings/Consumer_Furnishings/Decor_Accessories/Wall_Clock,Wall Clock,1,10,100,SubComponent,Animated,1,0.3,0.3,0.05,materials/furnishing/plastic_glass_face,2,glass_shatter,
c1b2c3d4-b8aa-5cde-98a3-e996bf7bbdbe,Commercial_Institutional_Residential,Buildings/Consumer_Furnishings/Decor_Accessories/Table_Clock,Table Clock,1,10,100,SubComponent,Animated,0.5,0.15,0.12,0.08,materials/furnishing/plastic_metal,1,metal_deform,
c1b2c3d4-5b8f-5112-86c2-6df2e20d830e,Commercial_Institutional_Residential,Buildings/Consumer_Furnishings/Decor_Accessories/Candle,Candle,1,10,100,SubComponent,Dynamic,0.3,0.08,0.12,0.08,materials/furnishing/wax_wick,1,fabric_tear_foam,
c1b2c3d4-0413-5cd2-87fa-ac12abe50c56,Commercial_Institutional_Residential,Buildings/Consumer_Furnishings/Decor_Accessories/Sculpture_Figurine,Sculpture Figurine,1,10,100,SubComponent,Static,1.5,0.2,0.3,0.2,materials/furnishing/ceramic_metal_resin,1,ceramic_shatter,
c1b2c3d4-11df-5434-bb01-f1ec7298573f,Commercial_Institutional_Residential,Buildings/Consumer_Furnishings/Decor_Accessories/Bookend,Bookend,1,10,100,SubComponent,Dynamic,1,0.12,0.18,0.1,materials/furnishing/metal_wood_stone,1,metal_deform,
c1b2c3d4-dea9-5ea9-98e7-bb65b4a18bbd,Commercial_Institutional_Residential,Buildings/Consumer_Furnishings/Decor_Accessories/Magazine_Rack,Magazine Rack,1,10,100,SubComponent,Dynamic,2,0.35,0.4,0.25,materials/furnishing/metal_wood,1,metal_deform,
c1b2c3d4-934e-5313-b643-87941cdd5c64,Commercial_Institutional_Residential,Buildings/Consumer_Furnishings/Decor_Accessories/Wastebasket,Wastebasket,1,10,100,SubComponent,Dynamic,1,0.28,0.35,0.28,materials/furnishing/plastic_metal,1,metal_deform,
c1b2c3d4-f4c5-5126-884a-f257f7c2b79f,Commercial_Institutional_Residential,Buildings/Consumer_Furnishings/Decor_Accessories/Doormat,Doormat,1,10,100,SubComponent,Static,1,0.75,0.02,0.45,materials/furnishing/coir_rubber,1,fabric_tear_foam,
c1b2c3d4-7ee7-5313-b6b7-a2d870fd4fa4,Commercial_Institutional_Residential,Buildings/Consumer_Furnishings/Bathroom_Fixtures/Toilet,Toilet,1,10,100,Component,Dynamic,45,0.4,0.75,0.65,materials/furnishing/vitreous_china,3,ceramic_shatter,
c1b2c3d4-14b7-50c1-8bda-b92ad3946a6c,Commercial_Institutional_Residential,Buildings/Consumer_Furnishings/Bathroom_Fixtures/Bathroom_Vanity_Sink,Bathroom Vanity Sink,1,10,100,Component,Dynamic,35,0.6,0.85,0.5,materials/furnishing/ceramic_wood_cabinet,3,ceramic_shatter,
c1b2c3d4-61ab-5ec3-bd66-9ff537c123e9,Commercial_Institutional_Residential,Buildings/Consumer_Furnishings/Bathroom_Fixtures/Bathtub,Bathtub,3,30,300,Room,Static,80,1.7,0.6,0.75,materials/furnishing/acrylic_enamel,3,ceramic_shatter,
c1b2c3d4-267b-56f0-983a-ddc7397f2a17,Commercial_Institutional_Residential,Buildings/Consumer_Furnishings/Bathroom_Fixtures/Shower_Stall,Shower Stall,3,30,300,Room,Static,60,0.9,2.1,0.9,materials/furnishing/acrylic_glass_tile,3,glass_shatter,
c1b2c3d4-42f2-5006-b40b-03138fd41b58,Commercial_Institutional_Residential,Buildings/Consumer_Furnishings/Bathroom_Fixtures/Towel_Rack,Towel Rack,1,10,100,SubComponent,Static,0.8,0.6,0.1,0.1,materials/furnishing/steel_chrome,1,metal_deform,
c1b2c3d4-6e85-5392-865a-14c1a31be14e,Commercial_Institutional_Residential,Buildings/Consumer_Furnishings/Bathroom_Fixtures/Medicine_Cabinet,Medicine Cabinet,1,10,100,Component,Static,8,0.5,0.7,0.15,materials/furnishing/steel_mirror_glass,1,glass_shatter,
c1b2c3d4-5150-5d7c-84e2-4b5d6f98899d,Commercial_Institutional_Residential,Buildings/Consumer_Furnishings/Bathroom_Fixtures/Toilet_Paper_Holder,Toilet Paper Holder,1,10,100,SubComponent,Static,0.3,0.15,0.08,0.08,materials/furnishing/steel_chrome,1,metal_deform,
c1b2c3d4-1590-51da-9d1f-4f5194b2ebd6,Commercial_Institutional_Residential,Buildings/Consumer_Furnishings/Window_Wall_Treatments/Window_Blinds,Window Blinds,1,10,100,SubComponent,Animated,2,1.0,1.4,0.05,materials/furnishing/aluminum_pvc_slats,1,metal_deform,
c1b2c3d4-b19e-54e0-b993-9a7d8764c3d0,Commercial_Institutional_Residential,Buildings/Consumer_Furnishings/Window_Wall_Treatments/Roller_Shade,Roller Shade,1,10,100,SubComponent,Animated,1.5,1.0,1.5,0.06,materials/furnishing/fabric_roller,1,fabric_tear_foam,
c1b2c3d4-809d-56e2-a032-aa7874f65d36,Commercial_Institutional_Residential,Buildings/Consumer_Furnishings/Window_Wall_Treatments/Curtain_Rod,Curtain Rod,1,10,100,SubComponent,Static,1,1.8,0.04,0.04,materials/furnishing/metal_rod,1,metal_deform,
c1b2c3d4-0c56-5233-8882-8ef31506df22,Commercial_Institutional_Residential,Buildings/Consumer_Furnishings/Window_Wall_Treatments/Wall_Shelf_Floating,Wall Shelf Floating,1,10,100,SubComponent,Static,3,0.8,0.05,0.2,materials/furnishing/wood_bracket,1,wood_splinter,
c1b2c3d4-0d3a-5073-beb5-30b040d1293d,Commercial_Institutional_Residential,Buildings/Consumer_Furnishings/Window_Wall_Treatments/Pegboard,Pegboard,1,10,100,SubComponent,Static,4,1.0,1.2,0.02,materials/furnishing/hardboard_hooks,1,wood_splinter,
c1b2c3d4-11e5-5e6e-bd13-90608ad090fc,Commercial_Institutional_Residential,Buildings/Consumer_Furnishings/Window_Wall_Treatments/Bulletin_Board,Bulletin Board,1,10,100,SubComponent,Static,3,0.9,0.6,0.03,materials/furnishing/cork_wood_frame,1,fabric_tear_foam,
c1b2c3d4-8fee-55c7-b19b-1a8eb4c436c5,Commercial_Institutional_Residential,Buildings/Consumer_Furnishings/Outdoor_Patio/Patio_Chair,Patio Chair,1,10,100,Component,Dynamic,6,0.6,0.85,0.6,materials/furnishing/resin_metal_outdoor,1,metal_deform,
c1b2c3d4-abfb-5d04-9e8b-00de09f33e7d,Commercial_Institutional_Residential,Buildings/Consumer_Furnishings/Outdoor_Patio/Patio_Table,Patio Table,1,10,100,Component,Dynamic,15,1.2,0.72,0.8,materials/furnishing/metal_glass_outdoor,1,glass_shatter,
c1b2c3d4-31e9-5057-a41f-286ed717e6cc,Commercial_Institutional_Residential,Buildings/Consumer_Furnishings/Outdoor_Patio/Patio_Umbrella,Patio Umbrella,1,10,100,Component,Animated,12,2.5,2.4,2.5,materials/furnishing/aluminum_canvas,1,fabric_tear_foam,
c1b2c3d4-ea9e-59a3-b2b1-7bd6541fcea8,Commercial_Institutional_Residential,Buildings/Consumer_Furnishings/Outdoor_Patio/Adirondack_Chair,Adirondack Chair,1,10,100,Component,Dynamic,10,0.8,0.95,0.9,materials/furnishing/wood_composite_outdoor,1,wood_splinter,
c1b2c3d4-cde1-57d8-90d0-26e1ebff9d1d,Commercial_Institutional_Residential,Buildings/Consumer_Furnishings/Outdoor_Patio/Outdoor_Sofa,Outdoor Sofa,1,10,100,Component,Dynamic,40,2.0,0.8,0.85,materials/furnishing/wicker_cushion_outdoor,1,fabric_tear_foam,
c1b2c3d4-2cea-5b56-bd69-4f6490d31eb0,Commercial_Institutional_Residential,Buildings/Consumer_Furnishings/Outdoor_Patio/Hammock,Hammock,1,10,100,Component,Animated,5,3.0,0.4,1.2,materials/furnishing/woven_rope_fabric,1,fabric_tear_foam,
c1b2c3d4-8be2-5568-8332-b3fcb3ee52d9,Commercial_Institutional_Residential,Buildings/Consumer_Furnishings/Outdoor_Patio/Grill_BBQ,Grill BBQ,1,10,100,Component,Dynamic,45,1.2,1.1,0.6,materials/commercial/steel_cast_iron,2,metal_deform,
c1b2c3d4-3d78-5ee2-a819-50c06c23bca5,Commercial_Institutional_Residential,Buildings/Consumer_Furnishings/Outdoor_Patio/Fire_Pit,Fire Pit,1,10,100,Component,Dynamic,30,0.9,0.5,0.9,materials/commercial/steel_stone,1,metal_deform,
c1b2c3d4-0fc4-53eb-a265-12301941e2e4,Commercial_Institutional_Residential,Buildings/Consumer_Furnishings/Outdoor_Patio/Planter_Box,Planter Box,1,10,100,Component,Static,20,1.0,0.5,0.4,materials/furnishing/wood_composite_soil,1,wood_splinter,
c1b2c3d4-04ca-5780-8458-d9e066376119,Commercial_Institutional_Residential,Buildings/Consumer_Furnishings/Outdoor_Patio/Garden_Hose_Reel,Garden Hose Reel,1,10,100,SubComponent,Dynamic,4,0.5,0.6,0.4,materials/furnishing/plastic_metal,2,plastic_crack,
c1b2c3d4-372d-5610-92a8-c0f9f9f3f205,Commercial_Institutional_Residential,Buildings/Consumer_Furnishings/Outdoor_Patio/Outdoor_Storage_Shed_Box,Outdoor Storage Shed Box,1,10,100,Component,Static,35,1.5,1.3,0.8,materials/furnishing/resin_outdoor,1,plastic_crack,
c1b2c3d4-6668-58a2-a63e-a5d68778ece7,Commercial_Institutional_Residential,Buildings/Consumer_Furnishings/Outdoor_Patio/Trampoline,Trampoline,1,10,100,Component,Dynamic,60,3.6,0.9,3.6,materials/furnishing/steel_frame_mat,1,metal_deform,
c1b2c3d4-9974-562f-9d97-fb2d1486fba7,Commercial_Institutional_Residential,Buildings/Consumer_Furnishings/Kids_Nursery/Changing_Table,Changing Table,1,10,100,Component,Static,20,0.9,1.0,0.5,materials/furnishing/wood_finished,1,wood_splinter,
c1b2c3d4-a04a-5ae3-a480-5b26a685c2ce,Commercial_Institutional_Residential,Buildings/Consumer_Furnishings/Kids_Nursery/High_Chair,High Chair,1,10,100,Component,Dynamic,8,0.55,1.0,0.6,materials/furnishing/plastic_metal,1,plastic_crack,
c1b2c3d4-fa4a-5af1-bd84-9ab29bf67f38,Commercial_Institutional_Residential,Buildings/Consumer_Furnishings/Kids_Nursery/Toy_Chest,Toy Chest,1,10,100,Component,Dynamic,12,0.8,0.5,0.45,materials/furnishing/wood_finished,1,wood_splinter,
c1b2c3d4-abc5-545a-9a59-1e7d2b831017,Commercial_Institutional_Residential,Buildings/Consumer_Furnishings/Kids_Nursery/Rocking_Horse,Rocking Horse,1,10,100,Component,Animated,6,0.8,0.7,0.3,materials/furnishing/wood_painted,1,wood_splinter,
c1b2c3d4-99b6-5ceb-a69b-4315a4502029,Commercial_Institutional_Residential,Buildings/Consumer_Furnishings/Kids_Nursery/Play_Mat,Play Mat,1,10,100,SubComponent,Static,2,1.5,0.03,1.5,materials/furnishing/foam_interlocking,1,fabric_tear_foam,
c1b2c3d4-4cbd-518f-91e5-4605874a509b,Commercial_Institutional_Residential,Buildings/Consumer_Furnishings/Kids_Nursery/Baby_Monitor,Baby Monitor,1,10,100,SubComponent,Static,0.4,0.1,0.15,0.08,materials/furnishing/plastic_case,3,screen_shatter_board,
c1b2c3d4-eba2-5b07-b566-8e217be08673,Commercial_Institutional_Residential,Buildings/Consumer_Furnishings/Kids_Nursery/Stroller,Stroller,1,10,100,Component,Dynamic,9,1.0,1.05,0.6,materials/furnishing/aluminum_fabric,1,metal_deform,
c1b2c3d4-e2b8-5d9b-9b0f-d432c5adbfd7,Commercial_Institutional_Residential,Buildings/Consumer_Furnishings/Kids_Nursery/Kids_Bookcase,Kids Bookcase,1,10,100,Component,Static,15,0.7,1.0,0.3,materials/furnishing/wood_painted,2,wood_splinter,
c1b2c3d4-60ec-5507-894c-bd67d58ce56f,Commercial_Institutional_Residential,Buildings/Consumer_Furnishings/Kids_Nursery/Building_Blocks_Set,Building Blocks Set,1,10,100,SubComponent,Dynamic,1.5,0.3,0.2,0.3,materials/furnishing/plastic_wood_blocks,1,plastic_crack,
c1b2c3d4-0b16-5a7e-ac5b-d26072515fda,Commercial_Institutional_Residential,Buildings/Consumer_Furnishings/Office_Workspace/Standing_Desk,Standing Desk,1,10,100,Component,Animated,40,1.4,1.1,0.7,materials/furnishing/laminate_steel_frame,2,metal_deform,
c1b2c3d4-21cb-57f4-a48a-7f4d5d9bd0b1,Commercial_Institutional_Residential,Buildings/Consumer_Furnishings/Office_Workspace/Ergonomic_Task_Chair,Ergonomic Task Chair,1,10,100,Component,Animated,16,0.65,1.15,0.65,materials/furnishing/mesh_plastic_metal,1,metal_deform,
c1b2c3d4-c34c-5a89-90be-e195f41454ea,Commercial_Institutional_Residential,Buildings/Consumer_Furnishings/Office_Workspace/Monitor_Arm,Monitor Arm,1,10,100,SubComponent,Animated,3,0.5,0.5,0.2,materials/hardware/steel_articulated,1,metal_deform,
c1b2c3d4-ea74-57db-ae10-62895f6e7fc9,Commercial_Institutional_Residential,Buildings/Consumer_Furnishings/Office_Workspace/Keyboard,Keyboard,1,10,100,SubComponent,Dynamic,0.9,0.44,0.03,0.13,materials/furnishing/plastic_keys,2,plastic_crack,
c1b2c3d4-4137-57d5-9382-b1725d488b56,Commercial_Institutional_Residential,Buildings/Consumer_Furnishings/Office_Workspace/Computer_Mouse,Computer Mouse,1,10,100,SubComponent,Dynamic,0.1,0.06,0.04,0.11,materials/furnishing/plastic_shell,2,plastic_crack,
c1b2c3d4-5c3e-5351-9dc8-101bc8e5635a,Commercial_Institutional_Residential,Buildings/Consumer_Furnishings/Office_Workspace/Desk_Organizer,Desk Organizer,1,10,100,SubComponent,Dynamic,0.8,0.25,0.12,0.15,materials/furnishing/plastic_wood,1,plastic_crack,
c1b2c3d4-a2c4-5e32-bd87-1e3d8d30941c,Commercial_Institutional_Residential,Buildings/Consumer_Furnishings/Office_Workspace/Printer,Printer,1,10,100,SubComponent,Dynamic,8,0.45,0.3,0.4,materials/furnishing/plastic_case,3,panel_crumple,
c1b2c3d4-e5d8-5438-853c-25132e8875f3,Commercial_Institutional_Residential,Buildings/Consumer_Furnishings/Office_Workspace/Paper_Shredder,Paper Shredder,1,10,100,SubComponent,Dynamic,6,0.35,0.5,0.25,materials/furnishing/plastic_steel,2,panel_crumple,
c1b2c3d4-2995-512c-9f48-7c08728d6ed3,Commercial_Institutional_Residential,Buildings/Consumer_Furnishings/Office_Workspace/Whiteboard,Whiteboard,1,10,100,Component,Static,8,1.5,1.0,0.03,materials/furnishing/melamine_aluminum,1,rigid_fracture,
c1b2c3d4-f977-5b68-9a1c-a3cf0d96702c,Commercial_Institutional_Residential,Buildings/Consumer_Furnishings/Office_Workspace/Corkboard,Corkboard,1,10,100,SubComponent,Static,3,0.9,0.6,0.03,materials/furnishing/cork_wood_frame,1,fabric_tear_foam,
c1b2c3d4-528c-5f5a-8e9f-8b3bfd09b4b9,Commercial_Institutional_Residential,Buildings/Consumer_Furnishings/Office_Workspace/Desk_Phone,Desk Phone,1,10,100,SubComponent,Dynamic,1,0.2,0.1,0.2,materials/furnishing/plastic_case,3,screen_shatter_board,
c1b2c3d4-729b-5904-8127-c3ed3e33b4e5,Commercial_Institutional_Residential,Buildings/Consumer_Furnishings/Office_Workspace/Surge_Protector_Strip,Surge Protector Strip,1,10,100,SubComponent,Static,0.5,0.35,0.04,0.06,materials/furnishing/plastic_case,2,screen_shatter_board,
c1b2c3d4-09a7-578b-bbb5-487a2e5a03e8,Commercial_Institutional_Residential,Buildings/Consumer_Furnishings/Fitness_Recreation/Treadmill,Treadmill,3,30,300,Room,Animated,90,1.8,1.4,0.85,materials/commercial/steel_belt_electronics,2,panel_crumple,
c1b2c3d4-0dc6-51c8-9e5f-6dd2a6827f71,Commercial_Institutional_Residential,Buildings/Consumer_Furnishings/Fitness_Recreation/Stationary_Bike,Stationary Bike,1,10,100,Component,Animated,40,1.1,1.3,0.55,materials/commercial/steel_electronics,2,metal_deform,
c1b2c3d4-17a0-5616-9c92-f02a8dd88b61,Commercial_Institutional_Residential,Buildings/Consumer_Furnishings/Fitness_Recreation/Dumbbell_Set,Dumbbell Set,1,10,100,SubComponent,Dynamic,20,0.4,0.2,0.2,materials/commercial/cast_iron_rubber,1,metal_deform,
c1b2c3d4-9da8-587b-bc05-5176bc1c1df3,Commercial_Institutional_Residential,Buildings/Consumer_Furnishings/Fitness_Recreation/Weight_Bench,Weight Bench,1,10,100,Component,Static,25,1.2,0.5,0.4,materials/commercial/steel_upholstery,1,metal_deform,
c1b2c3d4-c922-5abd-affe-347ce84da935,Commercial_Institutional_Residential,Buildings/Consumer_Furnishings/Fitness_Recreation/Yoga_Mat,Yoga Mat,1,10,100,SubComponent,Static,1.2,1.8,0.01,0.6,materials/furnishing/foam_rubber,1,fabric_tear_foam,
c1b2c3d4-7eb3-5002-87ff-4f10a0735fe4,Commercial_Institutional_Residential,Buildings/Consumer_Furnishings/Fitness_Recreation/Punching_Bag,Punching Bag,1,10,100,Component,Dynamic,35,0.4,1.2,0.4,materials/commercial/leather_fill,1,fabric_tear_foam,
c1b2c3d4-f429-5870-86af-881707e66137,Commercial_Institutional_Residential,Buildings/Consumer_Furnishings/Fitness_Recreation/Pool_Table,Pool Table,3,30,300,Room,Static,180,2.5,0.8,1.4,materials/commercial/slate_felt_wood,1,wood_splinter,
c1b2c3d4-ae26-5e4a-8078-a83ce76577d4,Commercial_Institutional_Residential,Buildings/Consumer_Furnishings/Fitness_Recreation/Dartboard,Dartboard,1,10,100,SubComponent,Static,2,0.45,0.45,0.05,materials/furnishing/sisal_wood,1,fabric_tear_foam,
c1b2c3d4-de29-503f-92ee-5a372254f828,Commercial_Institutional_Residential,Buildings/Consumer_Furnishings/Fitness_Recreation/Foosball_Table,Foosball Table,1,10,100,Component,Animated,60,1.4,0.9,0.75,materials/commercial/wood_steel_rods,1,wood_splinter,
c1b2c3d4-ec60-5029-948a-535301ae4f2f,Commercial_Institutional_Residential,Buildings/Consumer_Furnishings/Pet/Dog_Bed,Dog Bed,1,10,100,Component,Dynamic,3,0.9,0.2,0.7,materials/furnishing/cushion_fabric,1,fabric_tear_foam,
c1b2c3d4-f869-5a4d-948d-492b8a49d54c,Commercial_Institutional_Residential,Buildings/Consumer_Furnishings/Pet/Cat_Tree,Cat Tree,1,10,100,Component,Static,12,0.6,1.5,0.6,materials/furnishing/carpet_wood_post,1,fabric_tear_foam,
c1b2c3d4-e973-556c-b82e-f71ddaf21abb,Commercial_Institutional_Residential,Buildings/Consumer_Furnishings/Pet/Pet_Crate,Pet Crate,1,10,100,Component,Dynamic,8,0.9,0.65,0.6,materials/furnishing/steel_wire_plastic,1,metal_deform,
c1b2c3d4-86cc-5df8-bc36-ab8d9432c21d,Commercial_Institutional_Residential,Buildings/Consumer_Furnishings/Pet/Aquarium_Tank,Aquarium Tank,1,10,100,Component,Static,40,0.9,0.5,0.4,materials/furnishing/glass_tank_water,3,glass_shatter,
c1b2c3d4-1686-5dc7-b9ef-b90266350022,Commercial_Institutional_Residential,Buildings/Consumer_Furnishings/Pet/Bird_Cage,Bird Cage,1,10,100,Component,Static,6,0.5,1.4,0.5,materials/furnishing/steel_wire,1,metal_deform,
c1b2c3d4-e89a-527e-b44f-74ae89f10bbe,Commercial_Institutional_Residential,Buildings/Consumer_Furnishings/Pet/Litter_Box,Litter Box,1,10,100,SubComponent,Dynamic,2,0.5,0.2,0.4,materials/furnishing/plastic_tray,1,plastic_crack,
c1b2c3d4-ca3c-5985-a4fe-66fccea27e20,Commercial_Institutional_Residential,Buildings/Consumer_Furnishings/Pet/Pet_Food_Bowl,Pet Food Bowl,1,10,100,SubComponent,Dynamic,0.4,0.2,0.06,0.2,materials/furnishing/ceramic_steel,1,ceramic_shatter,
c1b2c3d4-470e-5938-a540-5b46ad465ada,Commercial_Institutional_Residential,Buildings/Consumer_Furnishings/Cleaning_Utility/Broom,Broom,1,10,100,SubComponent,Dynamic,0.8,0.3,1.3,0.05,materials/furnishing/plastic_bristle_wood,1,plastic_crack,
c1b2c3d4-405a-5602-b60e-2c04620a37a6,Commercial_Institutional_Residential,Buildings/Consumer_Furnishings/Cleaning_Utility/Mop_Bucket,Mop Bucket,1,10,100,SubComponent,Dynamic,3,0.4,0.9,0.3,materials/furnishing/plastic_metal,1,plastic_crack,
c1b2c3d4-f5a8-5b0a-8269-8bacc79c9a89,Commercial_Institutional_Residential,Buildings/Consumer_Furnishings/Cleaning_Utility/Ironing_Board,Ironing Board,1,10,100,Component,Animated,6,1.3,0.9,0.4,materials/furnishing/steel_padded,1,metal_deform,
c1b2c3d4-eb39-5953-b148-5e2040faacbc,Commercial_Institutional_Residential,Buildings/Consumer_Furnishings/Cleaning_Utility/Clothes_Iron,Clothes Iron,1,10,100,SubComponent,Dynamic,1.5,0.25,0.13,0.11,materials/furnishing/plastic_steel_plate,3,panel_crumple,
c1b2c3d4-4976-55b2-95e7-fbf31be5179e,Commercial_Institutional_Residential,Buildings/Consumer_Furnishings/Cleaning_Utility/Laundry_Hamper,Laundry Hamper,1,10,100,SubComponent,Dynamic,2,0.5,0.6,0.4,materials/furnishing/woven_plastic_fabric,1,fabric_tear_foam,
c1b2c3d4-61cf-54d9-b686-5ab0749e6812,Commercial_Institutional_Residential,Buildings/Consumer_Furnishings/Cleaning_Utility/Drying_Rack,Drying Rack,1,10,100,Component,Animated,4,0.8,1.0,0.55,materials/furnishing/steel_folding,1,metal_deform,
c1b2c3d4-a49d-590c-9fa5-ebeaaf51ecb7,Commercial_Institutional_Residential,Buildings/Consumer_Furnishings/Cleaning_Utility/Recycling_Bin,Recycling Bin,1,10,100,SubComponent,Dynamic,3,0.45,0.6,0.4,materials/furnishing/plastic_bin,1,plastic_crack,
c1b2c3d4-7fde-5f59-9453-66377a7dcfe0,Commercial_Institutional_Residential,Buildings/Consumer_Furnishings/Cleaning_Utility/Cleaning_Cart,Cleaning Cart,1,10,100,Component,Dynamic,10,0.9,1.0,0.5,materials/commercial/plastic_steel_cart,1,plastic_crack,
c1b2c3d4-7c23-56bc-a040-5f2c666587a0,Commercial_Institutional_Residential,Buildings/Consumer_Furnishings/Cleaning_Utility/Tool_Chest,Tool Chest,1,10,100,Component,Dynamic,45,0.7,0.9,0.45,materials/hardware/steel_drawers,1,metal_deform,
c1b2c3d4-47c6-5402-9580-b2bcc31d4e56,Commercial_Institutional_Residential,Buildings/Consumer_Furnishings/Cleaning_Utility/Step_Ladder,Step Ladder,1,10,100,Component,Animated,6,0.5,1.5,0.9,materials/hardware/aluminum_folding,1,metal_deform,
c1b2c3d4-628c-583c-9501-1561ad57ec4c,Commercial_Institutional_Residential,Buildings/Consumer_Furnishings/Personal_Everyday/Backpack,Backpack,1,10,100,SubComponent,Dynamic,1.2,0.35,0.5,0.2,materials/furnishing/nylon_fabric,1,fabric_tear_foam,
c1b2c3d4-0928-524b-878e-6a12164334af,Commercial_Institutional_Residential,Buildings/Consumer_Furnishings/Personal_Everyday/Handbag_Purse,Handbag Purse,1,10,100,SubComponent,Dynamic,0.8,0.35,0.28,0.15,materials/furnishing/leather_fabric,1,fabric_tear_foam,
c1b2c3d4-fab9-588f-8b1e-c9c73d8691df,Commercial_Institutional_Residential,Buildings/Consumer_Furnishings/Personal_Everyday/Suitcase,Suitcase,1,10,100,Component,Dynamic,4,0.5,0.75,0.3,materials/furnishing/polycarbonate_shell,1,plastic_crack,
c1b2c3d4-c16d-5cc4-b60b-0240c515882e,Commercial_Institutional_Residential,Buildings/Consumer_Furnishings/Personal_Everyday/Umbrella,Umbrella,1,10,100,SubComponent,Animated,0.5,0.1,0.9,0.1,materials/furnishing/nylon_metal,1,fabric_tear_foam,
c1b2c3d4-c18a-51ad-b74a-7425695c09e9,Commercial_Institutional_Residential,Buildings/Consumer_Furnishings/Personal_Everyday/Wall_Coat_Hook,Wall Coat Hook,1,10,100,SubComponent,Static,0.2,0.1,0.06,0.05,materials/hardware/steel_hook,1,metal_deform,
c1b2c3d4-0515-5faa-a8b0-c54cb415bf97,Commercial_Institutional_Residential,Buildings/Consumer_Furnishings/Personal_Everyday/Key_Rack,Key Rack,1,10,100,SubComponent,Static,0.3,0.25,0.1,0.03,materials/hardware/wood_metal_hooks,1,wood_splinter,
c1b2c3d4-afa5-55ea-861e-74fbf80841ba,Commercial_Institutional_Residential,Buildings/Consumer_Furnishings/Personal_Everyday/Book_Stack,Book Stack,1,10,100,SubComponent,Dynamic,3,0.25,0.3,0.2,materials/furnishing/paper_cardboard,1,paper_tear,
c1b2c3d4-846b-5e94-ad41-e20706c120d3,Commercial_Institutional_Residential,Buildings/Consumer_Furnishings/Personal_Everyday/Eyeglasses,Eyeglasses,1,10,100,SubComponent,Dynamic,0.05,0.14,0.04,0.05,materials/furnishing/plastic_glass_lens,1,plastic_crack,
c1b2c3d4-8488-56f7-b714-a9c2a73f222a,Commercial_Institutional_Residential,Buildings/Consumer_Furnishings/Personal_Everyday/Water_Bottle,Water Bottle,1,10,100,SubComponent,Dynamic,0.6,0.07,0.25,0.07,materials/furnishing/steel_plastic,1,metal_deform,
c1b2c3d4-f9df-5eeb-9a46-aa745427c90a,Commercial_Institutional_Residential,Buildings/Consumer_Furnishings/Personal_Everyday/Remote_Control,Remote Control,1,10,100,SubComponent,Dynamic,0.15,0.05,0.02,0.16,materials/furnishing/plastic_case,1,plastic_crack,
c1b2c3d4-19aa-5aed-a8fa-62395086da16,Commercial_Institutional_Residential,Buildings/Consumer_Furnishings/Personal_Everyday/Phone_Charger,Phone Charger,1,10,100,SubComponent,Static,0.1,0.05,0.03,0.05,materials/furnishing/plastic_cable,1,screen_shatter_board,
c1b2c3d4-48a8-5f08-9778-58dcc740988a,Commercial_Institutional_Residential,Buildings/Consumer_Furnishings/Personal_Everyday/Wall_Calendar,Wall Calendar,1,10,100,SubComponent,Static,0.2,0.3,0.4,0.01,materials/furnishing/paper,1,paper_tear,
c1b2c3d4-766f-54e4-8ec9-2a77da81fd69,Commercial_Institutional_Residential,Buildings/Hardware_Fixtures/Door_Knob,Door Knob,1,10,100,SubComponent,Animated,0.4,0.06,0.06,0.09,materials/hardware/brass_steel,1,metal_deform,
c1b2c3d4-c070-59c4-bbed-751f97afde53,Commercial_Institutional_Residential,Buildings/Hardware_Fixtures/Door_Lever_Handle,Door Lever Handle,1,10,100,SubComponent,Animated,0.4,0.12,0.06,0.06,materials/hardware/steel_chrome,1,metal_deform,
c1b2c3d4-46c7-51a9-864c-444d8fca26de,Commercial_Institutional_Residential,Buildings/Hardware_Fixtures/Deadbolt_Lock,Deadbolt Lock,1,10,100,SubComponent,Animated,0.5,0.07,0.15,0.06,materials/hardware/steel_hardened,1,metal_deform,
c1b2c3d4-597e-51a2-8d5d-5f3f7caf9705,Commercial_Institutional_Residential,Buildings/Hardware_Fixtures/Door_Hinge,Door Hinge,1,10,100,SubComponent,Animated,0.3,0.1,0.1,0.02,materials/hardware/steel_plated,1,metal_deform,
c1b2c3d4-958b-5dbd-b9f6-18e829d2e123,Commercial_Institutional_Residential,Buildings/Hardware_Fixtures/Cabinet_Pull,Cabinet Pull,1,10,100,SubComponent,Dynamic,0.1,0.12,0.03,0.03,materials/hardware/brushed_metal,1,metal_deform,
c1b2c3d4-ab8a-5274-8ae4-69e5e7d64d18,Commercial_Institutional_Residential,Buildings/Hardware_Fixtures/Light_Switch,Light Switch,1,10,100,SubComponent,Dynamic,0.1,0.07,0.12,0.04,materials/hardware/plastic_switch,2,plastic_crack,
c1b2c3d4-9e80-5cea-96cf-50cc1d5ce48c,Commercial_Institutional_Residential,Buildings/Hardware_Fixtures/Dimmer_Switch,Dimmer Switch,1,10,100,SubComponent,Animated,0.12,0.07,0.12,0.05,materials/hardware/plastic_electronic,2,screen_shatter_board,
c1b2c3d4-448a-56ae-ad73-53b8e2a66b66,Commercial_Institutional_Residential,Buildings/Hardware_Fixtures/Wall_Outlet,Wall Outlet,1,10,100,SubComponent,Static,0.1,0.07,0.12,0.04,materials/hardware/plastic_receptacle,2,plastic_crack,
c1b2c3d4-3c38-52ff-bb5e-dc37ccd68a4d,Commercial_Institutional_Residential,Buildings/Hardware_Fixtures/Thermostat_Wall,Thermostat Wall,1,10,100,SubComponent,Dynamic,0.2,0.1,0.1,0.03,materials/hardware/plastic_electronic,3,screen_shatter_board,
c1b2c3d4-6efb-5a0d-abd1-c357488ff0f4,Commercial_Institutional_Residential,Buildings/Hardware_Fixtures/Faucet_Kitchen,Faucet Kitchen,1,10,100,SubComponent,Animated,2,0.15,0.35,0.2,materials/hardware/steel_chrome,2,metal_deform,
c1b2c3d4-e2a6-5106-97fa-eefb30e3cb66,Commercial_Institutional_Residential,Buildings/Hardware_Fixtures/Faucet_Bathroom,Faucet Bathroom,1,10,100,SubComponent,Animated,1.5,0.12,0.2,0.15,materials/hardware/steel_chrome,2,metal_deform,
c1b2c3d4-6c3c-5d29-ba52-157645176f4e,Commercial_Institutional_Residential,Buildings/Hardware_Fixtures/Shower_Head,Shower Head,1,10,100,SubComponent,Animated,0.8,0.12,0.12,0.2,materials/hardware/steel_chrome_plastic,2,metal_deform,
c1b2c3d4-b62f-51b4-b89c-347e709a2e50,Commercial_Institutional_Residential,Buildings/Hardware_Fixtures/Smoke_Detector_Residential,Smoke Detector Residential,1,10,100,SubComponent,Static,0.2,0.12,0.04,0.12,materials/hardware/plastic_electronic,2,screen_shatter_board,
c1b2c3d4-01d2-5ae4-9c7c-03a16dd8c569,Commercial_Institutional_Residential,Buildings/Hardware_Fixtures/Doorbell,Doorbell,1,10,100,SubComponent,Dynamic,0.15,0.05,0.1,0.03,materials/hardware/plastic_electronic,3,screen_shatter_board,
c1b2c3d4-d901-53d7-9971-678f3823e962,Commercial_Institutional_Residential,Buildings/Hardware_Fixtures/Cabinet_Hinge_Soft_Close,Cabinet Hinge Soft Close,1,10,100,SubComponent,Animated,0.15,0.1,0.06,0.04,materials/hardware/steel_damped,1,metal_deform,
c1b2c3d4-333e-53c5-92ff-4ade71cfde5a,Commercial_Institutional_Residential,Buildings/Hardware_Fixtures/Register_Vent_Cover,Register Vent Cover,1,10,100,SubComponent,Static,0.5,0.3,0.02,0.15,materials/hardware/steel_louvered,1,metal_deform,
c1b2c3d4-8ec5-5bab-b354-1a52ce675606,Commercial_Institutional_Residential,Buildings/Hardware_Fixtures/Electrical_Outlet_Cover,Electrical Outlet Cover,1,10,100,SubComponent,Static,0.05,0.07,0.12,0.01,materials/hardware/plastic_plate,1,plastic_crack,
c1b2c3d4-b7b3-5113-a129-f9eff1843027,Commercial_Institutional_Residential,Buildings/Commercial_Interiors/Retail/Retail_Display_Shelf,Retail Display Shelf,1,10,100,Component,Static,40,1.2,1.8,0.5,materials/commercial/steel_gondola,1,metal_deform,
c1b2c3d4-41b1-57f6-b99e-e0bbc82e69d0,Commercial_Institutional_Residential,Buildings/Commercial_Interiors/Retail/Clothing_Rack,Clothing Rack,1,10,100,Component,Dynamic,15,1.5,1.6,0.6,materials/commercial/steel_chrome,1,metal_deform,
c1b2c3d4-542f-5588-8801-0552cce7883d,Commercial_Institutional_Residential,Buildings/Commercial_Interiors/Retail/Checkout_Counter,Checkout Counter,3,30,300,Room,Static,80,2.0,1.0,0.7,materials/commercial/laminate_steel,2,rigid_fracture,
c1b2c3d4-15c9-51b6-8584-901e66a9c93d,Commercial_Institutional_Residential,Buildings/Commercial_Interiors/Retail/Cash_Register_POS,Cash Register POS,1,10,100,SubComponent,Dynamic,5,0.4,0.35,0.35,materials/commercial/plastic_electronic,3,screen_shatter_board,
c1b2c3d4-353a-52c9-be0a-11f01f08ca5a,Commercial_Institutional_Residential,Buildings/Commercial_Interiors/Retail/Mannequin,Mannequin,1,10,100,Component,Static,12,0.5,1.8,0.35,materials/commercial/fiberglass_composite,1,rigid_fracture,
c1b2c3d4-8e4e-5f50-8251-54dafa334a13,Commercial_Institutional_Residential,Buildings/Commercial_Interiors/Retail/Shopping_Cart,Shopping Cart,1,10,100,Component,Dynamic,12,1.0,1.0,0.6,materials/commercial/steel_wire,1,metal_deform,
c1b2c3d4-9368-52b1-a34b-06f691816d53,Commercial_Institutional_Residential,Buildings/Commercial_Interiors/Retail/Shopping_Basket,Shopping Basket,1,10,100,SubComponent,Dynamic,1,0.45,0.25,0.3,materials/commercial/plastic_handled,1,plastic_crack,
c1b2c3d4-6619-5b83-9175-a65e373357d6,Commercial_Institutional_Residential,Buildings/Commercial_Interiors/Retail/Display_Freezer_Case,Display Freezer Case,3,30,300,Room,Dynamic,200,2.5,1.8,0.9,materials/commercial/steel_glass_refrigerated,2,panel_crumple,
c1b2c3d4-c79f-559e-a52d-71206b26814b,Commercial_Institutional_Residential,Buildings/Commercial_Interiors/Retail/Price_Signage_Holder,Price Signage Holder,1,10,100,SubComponent,Static,0.3,0.1,0.15,0.05,materials/commercial/acrylic_metal,1,plastic_crack,
c1b2c3d4-60e5-5f32-bc49-f57b2f5747e6,Commercial_Institutional_Residential,Buildings/Commercial_Interiors/Office/Cubicle_Partition,Cubicle Partition,1,10,100,Component,Static,30,1.5,1.5,0.05,materials/commercial/fabric_panel_frame,2,fabric_tear_foam,
c1b2c3d4-772c-5213-ad3f-a9b3c094529e,Commercial_Institutional_Residential,Buildings/Commercial_Interiors/Office/Conference_Table,Conference Table,3,30,300,Room,Static,120,3.0,0.75,1.2,materials/commercial/wood_veneer_steel,3,wood_splinter,
c1b2c3d4-bf52-56b7-8164-2c3800e87071,Commercial_Institutional_Residential,Buildings/Commercial_Interiors/Office/Reception_Desk,Reception Desk,3,30,300,Room,Static,100,2.4,1.1,0.8,materials/commercial/laminate_composite,3,rigid_fracture,
c1b2c3d4-7082-5f59-a8cf-ac6f2067b332,Commercial_Institutional_Residential,Buildings/Commercial_Interiors/Office/Water_Cooler,Water Cooler,1,10,100,Component,Dynamic,18,0.35,1.1,0.35,materials/commercial/plastic_steel,3,panel_crumple,
c1b2c3d4-f433-50c0-9cb5-a6f702423824,Commercial_Institutional_Residential,Buildings/Commercial_Interiors/Office/Vending_Machine,Vending Machine,3,30,300,Room,Dynamic,250,1.0,1.9,0.85,materials/commercial/steel_glass_electronic,2,panel_crumple,
c1b2c3d4-8518-5f99-ae56-91e3342644d2,Commercial_Institutional_Residential,Buildings/Commercial_Interiors/Office/Server_Rack_Cabinet,Server Rack Cabinet,3,30,300,Room,Static,150,0.6,2.0,1.0,materials/commercial/steel_ventilated,3,metal_deform,
c1b2c3d4-89f2-578b-8d7b-7d57fe30c6f4,Commercial_Institutional_Residential,Buildings/Commercial_Interiors/Office/Projector_Screen_Retractable,Projector Screen Retractable,1,10,100,Component,Animated,10,2.4,0.15,0.15,materials/commercial/fabric_metal_housing,2,metal_deform,
c1b2c3d4-be06-55b2-8ab1-199a38fe25b3,Commercial_Institutional_Residential,Buildings/Commercial_Interiors/Hospitality_Food_Service/Restaurant_Booth,Restaurant Booth,3,30,300,Room,Static,90,1.5,1.2,1.4,materials/commercial/upholstery_wood_frame,1,fabric_tear_foam,
c1b2c3d4-1558-5ed9-a740-2311aa21b676,Commercial_Institutional_Residential,Buildings/Commercial_Interiors/Hospitality_Food_Service/Bar_Counter,Bar Counter,3,30,300,Room,Static,200,3.0,1.1,0.6,materials/commercial/wood_stone_steel,3,wood_splinter,
c1b2c3d4-046c-5004-9a50-33bbc742bdfb,Commercial_Institutional_Residential,Buildings/Commercial_Interiors/Hospitality_Food_Service/Commercial_Range,Commercial Range,3,30,300,Room,Dynamic,180,1.5,0.9,0.8,materials/commercial/stainless_steel,3,panel_crumple,
c1b2c3d4-332b-55fd-8411-f1d8ee372fc0,Commercial_Institutional_Residential,Buildings/Commercial_Interiors/Hospitality_Food_Service/Commercial_Refrigerator,Commercial Refrigerator,3,30,300,Room,Dynamic,250,1.4,2.0,0.8,materials/commercial/stainless_steel,2,panel_crumple,
c1b2c3d4-56af-58e9-91e8-826adf402028,Commercial_Institutional_Residential,Buildings/Commercial_Interiors/Hospitality_Food_Service/Prep_Table_Stainless,Prep Table Stainless,3,30,300,Room,Static,60,1.8,0.9,0.7,materials/commercial/stainless_steel,1,metal_deform,
c1b2c3d4-963a-587d-8beb-804d49d4b334,Commercial_Institutional_Residential,Buildings/Commercial_Interiors/Hospitality_Food_Service/Espresso_Machine_Commercial,Espresso Machine Commercial,1,10,100,Component,Dynamic,35,0.8,0.55,0.6,materials/commercial/stainless_steel_brass,3,panel_crumple,
c1b2c3d4-a6bf-50a4-b876-b9be5cb45a8e,Commercial_Institutional_Residential,Buildings/Commercial_Interiors/Hospitality_Food_Service/Hotel_Luggage_Cart,Hotel Luggage Cart,1,10,100,Component,Dynamic,40,1.1,1.8,0.6,materials/commercial/brass_carpet,1,metal_deform,
c1b2c3d4-68ed-598c-a66c-3d2e7149cc61,Commercial_Institutional_Residential,Buildings/Commercial_Interiors/Hospitality_Food_Service/Buffet_Warming_Tray,Buffet Warming Tray,1,10,100,SubComponent,Dynamic,4,0.6,0.25,0.35,materials/commercial/stainless_steel,2,metal_deform,
c1b2c3d4-8566-560e-8c30-9cb856f455ea,Commercial_Institutional_Residential,Buildings/Commercial_Interiors/Education_Fitness/School_Desk,School Desk,1,10,100,Component,Dynamic,15,0.6,0.75,0.5,materials/commercial/laminate_steel,1,rigid_fracture,
c1b2c3d4-01de-5a56-9648-3a811612d600,Commercial_Institutional_Residential,Buildings/Commercial_Interiors/Education_Fitness/Lecture_Podium,Lecture Podium,1,10,100,Component,Static,25,0.6,1.2,0.5,materials/commercial/wood_electronic,3,wood_splinter,
c1b2c3d4-8932-5a54-9c9e-67fb05553820,Commercial_Institutional_Residential,Buildings/Commercial_Interiors/Education_Fitness/Locker_Bank,Locker Bank,3,30,300,Room,Static,120,1.8,1.8,0.45,materials/commercial/steel_painted,2,metal_deform,
c1b2c3d4-e195-5d93-bb3a-3e9f0f48b85e,Commercial_Institutional_Residential,Buildings/Commercial_Interiors/Education_Fitness/Bleacher_Section,Bleacher Section,3,30,300,Room,Static,400,4.0,1.5,2.0,materials/commercial/aluminum_steel_frame,1,metal_deform,
c1b2c3d4-647b-577b-a918-e8649d30a1b9,Commercial_Institutional_Residential,Buildings/Commercial_Interiors/Education_Fitness/Gym_Wall_Mirror,Gym Wall Mirror,3,30,300,Room,Static,60,2.4,1.8,0.03,materials/commercial/mirror_glass_safety,1,glass_shatter,
c1b2c3d4-71fa-524e-8869-1fca24a1778c,Commercial_Institutional_Residential,Buildings/Commercial_Interiors/Education_Fitness/Cafeteria_Table_Folding,Cafeteria Table Folding,3,30,300,Room,Animated,70,2.4,0.75,0.75,materials/commercial/laminate_steel_folding,1,rigid_fracture,
c1b2c3d4-c545-5a36-adb5-c934a8d17704,Commercial_Institutional_Residential,Buildings/Residential_Detail/Interior_Door_Slab,Interior Door Slab,1,10,100,Component,Animated,25,0.9,2.0,0.04,materials/construction/wood_hollow_core,1,wood_splinter,
c1b2c3d4-8bb3-5cd1-b261-01bfb638a53e,Commercial_Institutional_Residential,Buildings/Residential_Detail/Exterior_Entry_Door,Exterior Entry Door,1,10,100,Component,Animated,45,0.9,2.1,0.06,materials/construction/steel_insulated_core,1,metal_deform,
c1b2c3d4-edbf-5f6e-ab6a-c9b76873fed4,Commercial_Institutional_Residential,Buildings/Residential_Detail/Window_Sash_Double_Hung,Window Sash Double Hung,1,10,100,Component,Animated,20,1.0,1.4,0.1,materials/construction/vinyl_glass_ig,1,glass_shatter,
c1b2c3d4-1f68-59c3-bddb-7d3b531dd6ba,Commercial_Institutional_Residential,Buildings/Residential_Detail/Baseboard_Trim,Baseboard Trim,1,10,100,SubComponent,Static,2,2.4,0.1,0.02,materials/construction/wood_mdf_painted,1,wood_splinter,
c1b2c3d4-7a18-54d7-a396-f6433b4cde63,Commercial_Institutional_Residential,Buildings/Residential_Detail/Crown_Molding,Crown Molding,1,10,100,SubComponent,Static,2,2.4,0.12,0.05,materials/construction/wood_mdf_painted,1,wood_splinter,
c1b2c3d4-3570-5b52-924c-c5674d9cacb0,Commercial_Institutional_Residential,Buildings/Residential_Detail/Stair_Balustrade,Stair Balustrade,1,10,100,Component,Static,30,3.0,1.0,0.1,materials/construction/wood_metal_rail,1,wood_splinter,
c1b2c3d4-8f07-5308-a8d6-d3ea40cbdcbc,Commercial_Institutional_Residential,Buildings/Residential_Detail/Fireplace_Mantel,Fireplace Mantel,1,10,100,Component,Static,40,1.5,1.2,0.4,materials/construction/wood_stone,1,wood_splinter,
c1b2c3d4-d82f-581f-9025-4a5025676680,Commercial_Institutional_Residential,Buildings/Residential_Detail/Kitchen_Countertop_Slab,Kitchen Countertop Slab,1,10,100,Component,Static,90,2.4,0.04,0.65,materials/construction/granite_quartz,1,rigid_fracture,
c1b2c3d4-d45f-568b-bde6-f3548e4afeca,Commercial_Institutional_Residential,Buildings/Residential_Detail/Base_Cabinet_Unit,Base Cabinet Unit,1,10,100,Component,Static,40,0.6,0.85,0.6,materials/construction/wood_laminate_box,2,wood_splinter,
c1b2c3d4-c6f5-573f-9b56-0259b7b33a96,Commercial_Institutional_Residential,Buildings/Residential_Detail/Wall_Cabinet_Unit,Wall Cabinet Unit,1,10,100,Component,Static,25,0.6,0.7,0.35,materials/construction/wood_laminate_box,1,wood_splinter,
c1b2c3d4-f33e-5c93-9752-8588f65c2f91,Commercial_Institutional_Residential,Buildings/Residential_Detail/Kitchen_Backsplash_Tile,Kitchen Backsplash Tile,1,10,100,SubComponent,Static,15,2.4,0.6,0.01,materials/construction/ceramic_tile_grout,1,ceramic_shatter,
c1b2c3d4-0bd6-5def-bd05-e8c63b5faff4,Commercial_Institutional_Residential,Buildings/Residential_Detail/Ceiling_Fan,Ceiling Fan,1,10,100,Component,Animated,12,1.3,0.4,1.3,materials/furnishing/metal_wood_blades,2,metal_deform,
c1b2c3d4-5b94-5a2f-ae44-49f7d5ed0855,Commercial_Institutional_Residential,Buildings/Residential_Detail/Recessed_Downlight,Recessed Downlight,1,10,100,SubComponent,Static,0.5,0.15,0.15,0.12,materials/furnishing/metal_led_trim,2,screen_shatter_board,
c1b2c3d4-a87c-58a0-b6c5-6842c9dbf967,Commercial_Institutional_Residential,Buildings/Residential_Detail/Radiator_Panel,Radiator Panel,1,10,100,Component,Static,25,1.0,0.6,0.1,materials/construction/steel_hydronic,2,metal_deform,
